Crime_ID,Crime_Date,Month,District,Crime_Type,Response_Time_Hours,Action_Taken,Severity_Level,Days,Year,
1,4-Apr-22,April,North East Delhi,Murder,103,Under Investigation,High,4days 7Hours,2022,
2,6-Aug-23,August,North East Delhi,Kidnapping,52,FIR Registered,High,2days 4Hours,2023,
3,20-Aug-19,August,North East Delhi,Fraud,93,Accused Arrested,Medium,3days 21Hours,2019,
4,13-Dec-23,December,Central Delhi,Assault,15,Under Investigation,Medium,0days 15Hours,2023,
5,7-Jul-22,July,West Delhi,Fraud,107,Under Investigation,Medium,4days 11Hours,2022,
6,26-Oct-19,October,South Delhi,Domestic Violence,72,No Action,Hight,3days 0Hours,2019,
7,1-Jan-21,January,South East Delhi,Theft,61,Under Investigation,Low,2days 13Hours,2021,
8,24-Jul-22,July,South East Delhi,Assault,21,FIR Registered,Medium,0days 21Hours,2022,
9,1-Jul-19,July,South Delhi,Cyber Crime,103,FIR Registered,Medium,4days 7Hours,2019,
10,21-Aug-20,August,North West Delhi,Cyber Crime,83,FIR Registered,Medium,3days 11Hours,2020,
11,18-Nov-23,November,West Delhi,Fraud,87,Accused Arrested,Medium,3days 15Hours,2023,
12,10-Feb-21,February,South Delhi,Fraud,75,FIR Registered,Medium,3days 3Hours,2021,
13,7-Apr-22,April,West Delhi,Robbery,75,No Action,Medium,3days 3Hours,2022,
14,29-Aug-22,August,North West Delhi,Kidnapping,88,Accused Arrested,High,3days 16Hours,2022,
15,12-Dec-21,December,West Delhi,Fraud,117,Case Closed,Medium,4days 21Hours,2021,
16,5-Mar-23,March,North West Delhi,Murder,100,Accused Arrested,High,4days 4Hours,2023,
17,29-Jan-21,January,East Delhi,Theft,104,Case Closed,Low,4days 8Hours,2021,
18,13-Mar-21,March,South East Delhi,Domestic Violence,24,Case Closed,Hight,1days 0Hours,2021,
19,23-Jun-22,June,South Delhi,Kidnapping,3,Accused Arrested,High,0days 3Hours,2022,
20,8-Aug-19,August,South East Delhi,Theft,22,FIR Registered,Low,0days 22Hours,2019,
21,8-Jun-21,June,East Delhi,Assault,53,Accused Arrested,Medium,2days 5Hours,2021,
22,29-Sep-21,September,North West Delhi,Cyber Crime,2,FIR Registered,Medium,0days 2Hours,2021,
23,19-Sep-19,September,North East Delhi,Kidnapping,88,FIR Registered,High,3days 16Hours,2019,
24,29-Jan-19,January,East Delhi,Assault,108,Under Investigation,Medium,4days 12Hours,2019,
25,18-Nov-21,November,North East Delhi,Cyber Crime,30,Case Closed,Medium,1days 6Hours,2021,
26,23-Dec-23,December,North Delhi,Fraud,38,Accused Arrested,Medium,1days 14Hours,2023,
27,30-Oct-19,October,South Delhi,Fraud,2,FIR Registered,Medium,0days 2Hours,2019,
28,13-Feb-22,February,West Delhi,Domestic Violence,64,FIR Registered,Hight,2days 16Hours,2022,
29,9-Apr-19,April,South East Delhi,Fraud,60,Under Investigation,Medium,2days 12Hours,2019,
30,26-Nov-20,November,Central Delhi,Murder,21,FIR Registered,High,0days 21Hours,2020,
31,6-Oct-20,October,East Delhi,Assault,33,Under Investigation,Medium,1days 9Hours,2020,
32,14-Oct-23,October,Central Delhi,Murder,76,Under Investigation,High,3days 4Hours,2023,
33,14-Jan-19,January,North West Delhi,Robbery,58,FIR Registered,Medium,2days 10Hours,2019,
34,6-Jan-20,January,North West Delhi,Assault,22,Accused Arrested,Medium,0days 22Hours,2020,
35,4-Dec-19,December,North East Delhi,Fraud,108,Case Closed,Medium,4days 12Hours,2019,
36,7-Jun-23,June,North Delhi,Assault,89,FIR Registered,Medium,3days 17Hours,2023,
37,25-Apr-23,April,West Delhi,Robbery,49,FIR Registered,Medium,2days 1Hours,2023,
38,29-Jun-22,June,North West Delhi,Assault,91,FIR Registered,Medium,3days 19Hours,2022,
39,28-Apr-19,April,North West Delhi,Murder,59,Under Investigation,High,2days 11Hours,2019,
40,4-Jan-20,January,North Delhi,Murder,42,FIR Registered,High,1days 18Hours,2020,
41,7-Feb-19,February,South Delhi,Murder,92,Under Investigation,High,3days 20Hours,2019,
42,11-Apr-20,April,East Delhi,Robbery,60,Case Closed,Medium,2days 12Hours,2020,
43,23-Apr-23,April,North Delhi,Fraud,80,Accused Arrested,Medium,3days 8Hours,2023,
44,2-Dec-21,December,South Delhi,Theft,15,Under Investigation,Low,0days 15Hours,2021,
45,3-May-22,May,East Delhi,Murder,62,Under Investigation,High,2days 14Hours,2022,
46,15-Dec-20,December,North Delhi,Murder,62,Accused Arrested,High,2days 14Hours,2020,
47,20-Jun-21,June,South Delhi,Assault,47,FIR Registered,Medium,1days 23Hours,2021,
48,8-Aug-20,August,West Delhi,Kidnapping,62,FIR Registered,High,2days 14Hours,2020,
49,10-Dec-22,December,Central Delhi,Domestic Violence,51,Accused Arrested,Hight,2days 3Hours,2022,
50,24-Dec-19,December,Central Delhi,Murder,108,Accused Arrested,High,4days 12Hours,2019,
51,9-Apr-23,April,South East Delhi,Murder,55,No Action,High,2days 7Hours,2023,
52,2-Apr-21,April,North Delhi,Theft,116,Accused Arrested,Low,4days 20Hours,2021,
53,2-Feb-20,February,East Delhi,Assault,64,Accused Arrested,Medium,2days 16Hours,2020,
54,14-Sep-19,September,North West Delhi,Theft,3,Under Investigation,Low,0days 3Hours,2019,
55,27-Feb-22,February,South East Delhi,Cyber Crime,101,Accused Arrested,Medium,4days 5Hours,2022,
56,24-Dec-19,December,East Delhi,Robbery,51,No Action,Medium,2days 3Hours,2019,
57,7-Feb-23,February,South East Delhi,Assault,7,Accused Arrested,Medium,0days 7Hours,2023,
58,5-Mar-20,March,North Delhi,Kidnapping,21,Accused Arrested,High,0days 21Hours,2020,
59,20-Apr-20,April,West Delhi,Fraud,73,Case Closed,Medium,3days 1Hours,2020,
60,5-May-20,May,North Delhi,Assault,39,Accused Arrested,Medium,1days 15Hours,2020,
61,24-Jan-20,January,West Delhi,Assault,18,FIR Registered,Medium,0days 18Hours,2020,
62,7-Sep-23,September,North West Delhi,Murder,4,No Action,High,0days 4Hours,2023,
63,9-May-22,May,North East Delhi,Cyber Crime,89,Accused Arrested,Medium,3days 17Hours,2022,
64,13-Apr-19,April,North East Delhi,Assault,60,Case Closed,Medium,2days 12Hours,2019,
65,22-Jan-22,January,North Delhi,Robbery,14,Under Investigation,Medium,0days 14Hours,2022,
66,14-Jan-21,January,East Delhi,Fraud,114,Under Investigation,Medium,4days 18Hours,2021,
67,29-Apr-20,April,North West Delhi,Fraud,9,Under Investigation,Medium,0days 9Hours,2020,
68,12-Feb-23,February,South East Delhi,Kidnapping,90,Under Investigation,High,3days 18Hours,2023,
69,21-Jul-21,July,Central Delhi,Fraud,53,FIR Registered,Medium,2days 5Hours,2021,
70,4-May-23,May,Central Delhi,Kidnapping,2,FIR Registered,High,0days 2Hours,2023,
71,16-Oct-21,October,East Delhi,Theft,84,FIR Registered,Low,3days 12Hours,2021,
72,19-Jul-19,July,West Delhi,Fraud,92,Accused Arrested,Medium,3days 20Hours,2019,
73,9-Aug-22,August,North West Delhi,Fraud,111,FIR Registered,Medium,4days 15Hours,2022,
74,15-Sep-21,September,North West Delhi,Theft,60,Accused Arrested,Low,2days 12Hours,2021,
75,2-Sep-21,September,North West Delhi,Cyber Crime,71,Under Investigation,Medium,2days 23Hours,2021,
76,18-Nov-20,November,East Delhi,Kidnapping,44,FIR Registered,High,1days 20Hours,2020,
77,10-Sep-23,September,North East Delhi,Theft,8,Case Closed,Low,0days 8Hours,2023,
78,25-Aug-19,August,East Delhi,Theft,47,Accused Arrested,Low,1days 23Hours,2019,
79,14-Nov-20,November,South Delhi,Theft,35,FIR Registered,Low,1days 11Hours,2020,
80,18-Sep-21,September,North West Delhi,Fraud,78,FIR Registered,Medium,3days 6Hours,2021,
81,19-Aug-20,August,South East Delhi,Fraud,81,No Action,Medium,3days 9Hours,2020,
82,28-Feb-20,February,North Delhi,Kidnapping,36,Under Investigation,High,1days 12Hours,2020,
83,18-Jun-19,June,South East Delhi,Murder,50,FIR Registered,High,2days 2Hours,2019,
84,12-Oct-19,October,North West Delhi,Kidnapping,104,Accused Arrested,High,4days 8Hours,2019,
85,23-Oct-19,October,Central Delhi,Kidnapping,4,Under Investigation,High,0days 4Hours,2019,
86,18-Sep-21,September,West Delhi,Assault,2,Case Closed,Medium,0days 2Hours,2021,
87,12-Aug-22,August,North East Delhi,Kidnapping,6,FIR Registered,High,0days 6Hours,2022,
88,29-Jul-20,July,North West Delhi,Theft,54,Case Closed,Low,2days 6Hours,2020,
89,27-Apr-22,April,North West Delhi,Kidnapping,106,FIR Registered,High,4days 10Hours,2022,
90,4-Sep-23,September,North West Delhi,Murder,4,No Action,High,0days 4Hours,2023,
91,11-Aug-19,August,North Delhi,Robbery,54,Under Investigation,Medium,2days 6Hours,2019,
92,26-Mar-22,March,West Delhi,Theft,93,Under Investigation,Low,3days 21Hours,2022,
93,18-Sep-21,September,North West Delhi,Murder,63,Case Closed,High,2days 15Hours,2021,
94,13-Dec-23,December,North West Delhi,Murder,18,FIR Registered,High,0days 18Hours,2023,
95,25-Jun-22,June,North Delhi,Domestic Violence,90,FIR Registered,Hight,3days 18Hours,2022,
96,9-Dec-23,December,North Delhi,Robbery,44,Under Investigation,Medium,1days 20Hours,2023,
97,27-Mar-19,March,Central Delhi,Cyber Crime,34,Under Investigation,Medium,1days 10Hours,2019,
98,9-Sep-23,September,North West Delhi,Robbery,74,Case Closed,Medium,3days 2Hours,2023,
99,12-May-21,May,Central Delhi,Assault,62,FIR Registered,Medium,2days 14Hours,2021,
100,17-Oct-21,October,Central Delhi,Cyber Crime,100,FIR Registered,Medium,4days 4Hours,2021,
101,4-Aug-19,August,North West Delhi,Kidnapping,14,FIR Registered,High,0days 14Hours,2019,
102,29-Dec-20,December,North West Delhi,Murder,95,Accused Arrested,High,3days 23Hours,2020,
103,2-Feb-20,February,South Delhi,Robbery,48,FIR Registered,Medium,2days 0Hours,2020,
104,27-Sep-19,September,West Delhi,Theft,15,FIR Registered,Low,0days 15Hours,2019,
105,2-Dec-23,December,North East Delhi,Assault,72,FIR Registered,Medium,3days 0Hours,2023,
106,8-Apr-21,April,North East Delhi,Robbery,78,Case Closed,Medium,3days 6Hours,2021,
107,13-Dec-21,December,North East Delhi,Assault,87,Under Investigation,Medium,3days 15Hours,2021,
108,28-Aug-19,August,North East Delhi,Fraud,62,FIR Registered,Medium,2days 14Hours,2019,
109,12-Jul-22,July,South East Delhi,Cyber Crime,40,Accused Arrested,Medium,1days 16Hours,2022,
110,12-Nov-23,November,South Delhi,Assault,85,Accused Arrested,Medium,3days 13Hours,2023,
111,31-Aug-19,August,North Delhi,Theft,80,FIR Registered,Low,3days 8Hours,2019,
112,15-Oct-21,October,East Delhi,Kidnapping,109,Under Investigation,High,4days 13Hours,2021,
113,31-Aug-20,August,West Delhi,Cyber Crime,82,Under Investigation,Medium,3days 10Hours,2020,
114,28-Jul-21,July,North West Delhi,Robbery,111,Accused Arrested,Medium,4days 15Hours,2021,
115,27-Jul-23,July,Central Delhi,Assault,53,Under Investigation,Medium,2days 5Hours,2023,
116,16-May-21,May,Central Delhi,Theft,24,FIR Registered,Low,1days 0Hours,2021,
117,25-Jan-20,January,South Delhi,Kidnapping,26,Accused Arrested,High,1days 2Hours,2020,
118,24-Feb-21,February,North Delhi,Assault,89,Accused Arrested,Medium,3days 17Hours,2021,
119,13-Aug-21,August,West Delhi,Murder,60,Case Closed,High,2days 12Hours,2021,
120,29-Apr-19,April,East Delhi,Assault,109,FIR Registered,Medium,4days 13Hours,2019,
121,3-Oct-22,October,North Delhi,Fraud,41,Accused Arrested,Medium,1days 17Hours,2022,
122,11-Nov-20,November,Central Delhi,Robbery,29,Accused Arrested,Medium,1days 5Hours,2020,
123,16-Dec-22,December,East Delhi,Fraud,15,Accused Arrested,Medium,0days 15Hours,2022,
124,27-Aug-22,August,West Delhi,Robbery,45,FIR Registered,Medium,1days 21Hours,2022,
125,26-Aug-19,August,East Delhi,Fraud,65,FIR Registered,Medium,2days 17Hours,2019,
126,22-Sep-22,September,North East Delhi,Cyber Crime,89,Case Closed,Medium,3days 17Hours,2022,
127,22-Apr-21,April,South Delhi,Fraud,71,FIR Registered,Medium,2days 23Hours,2021,
128,30-May-21,May,Central Delhi,Kidnapping,9,Under Investigation,High,0days 9Hours,2021,
129,6-Sep-22,September,North Delhi,Theft,88,Under Investigation,Low,3days 16Hours,2022,
130,18-May-21,May,North Delhi,Theft,1,Case Closed,Low,0days 1Hours,2021,
131,4-Jan-21,January,South East Delhi,Kidnapping,108,FIR Registered,High,4days 12Hours,2021,
132,21-May-20,May,South Delhi,Robbery,8,No Action,Medium,0days 8Hours,2020,
133,14-Nov-21,November,North Delhi,Kidnapping,88,Case Closed,High,3days 16Hours,2021,
134,1-Dec-23,December,North West Delhi,Kidnapping,63,Under Investigation,High,2days 15Hours,2023,
135,30-Sep-20,September,West Delhi,Robbery,11,FIR Registered,Medium,0days 11Hours,2020,
136,3-Apr-23,April,South East Delhi,Murder,115,Accused Arrested,High,4days 19Hours,2023,
137,19-Jun-23,June,North East Delhi,Fraud,81,Case Closed,Medium,3days 9Hours,2023,
138,22-Jun-19,June,North West Delhi,Cyber Crime,8,Case Closed,Medium,0days 8Hours,2019,
139,24-Nov-21,November,North West Delhi,Domestic Violence,35,Under Investigation,Hight,1days 11Hours,2021,
140,20-Feb-19,February,East Delhi,Assault,35,FIR Registered,Medium,1days 11Hours,2019,
141,28-Jun-22,June,North East Delhi,Fraud,33,Under Investigation,Medium,1days 9Hours,2022,
142,26-Feb-19,February,South Delhi,Murder,5,Under Investigation,High,0days 5Hours,2019,
143,21-Jul-19,July,South Delhi,Cyber Crime,106,FIR Registered,Medium,4days 10Hours,2019,
144,9-Jan-23,January,North East Delhi,Robbery,103,Accused Arrested,Medium,4days 7Hours,2023,
145,1-Mar-20,March,West Delhi,Fraud,41,Under Investigation,Medium,1days 17Hours,2020,
146,19-Apr-23,April,North Delhi,Robbery,28,Accused Arrested,Medium,1days 4Hours,2023,
147,10-Sep-23,September,East Delhi,Theft,7,FIR Registered,Low,0days 7Hours,2023,
148,9-Jun-21,June,East Delhi,Robbery,73,Case Closed,Medium,3days 1Hours,2021,
149,22-Dec-21,December,North Delhi,Kidnapping,72,No Action,High,3days 0Hours,2021,
150,26-Oct-20,October,West Delhi,Fraud,12,No Action,Medium,0days 12Hours,2020,
151,13-Sep-19,September,South Delhi,Kidnapping,34,Under Investigation,High,1days 10Hours,2019,
152,14-Jun-21,June,South East Delhi,Fraud,33,Under Investigation,Medium,1days 9Hours,2021,
153,21-Apr-20,April,South Delhi,Theft,48,Under Investigation,Low,2days 0Hours,2020,
154,26-Jan-19,January,Central Delhi,Fraud,119,Under Investigation,Medium,4days 23Hours,2019,
155,28-Mar-23,March,North East Delhi,Murder,23,Accused Arrested,High,0days 23Hours,2023,
156,30-Aug-19,August,South Delhi,Assault,62,Accused Arrested,Medium,2days 14Hours,2019,
157,17-Jun-21,June,North West Delhi,Robbery,88,Under Investigation,Medium,3days 16Hours,2021,
158,3-Dec-19,December,South Delhi,Kidnapping,37,FIR Registered,High,1days 13Hours,2019,
159,29-Mar-23,March,North Delhi,Domestic Violence,99,Accused Arrested,Hight,4days 3Hours,2023,
160,10-Feb-23,February,East Delhi,Domestic Violence,44,Case Closed,Hight,1days 20Hours,2023,
161,7-Feb-20,February,Central Delhi,Domestic Violence,104,No Action,Hight,4days 8Hours,2020,
162,2-Feb-23,February,South Delhi,Cyber Crime,86,FIR Registered,Medium,3days 14Hours,2023,
163,14-Apr-19,April,West Delhi,Fraud,91,No Action,Medium,3days 19Hours,2019,
164,19-Jun-19,June,West Delhi,Theft,35,FIR Registered,Low,1days 11Hours,2019,
165,13-Sep-21,September,North Delhi,Fraud,65,Accused Arrested,Medium,2days 17Hours,2021,
166,12-May-20,May,East Delhi,Cyber Crime,99,FIR Registered,Medium,4days 3Hours,2020,
167,27-Apr-21,April,North East Delhi,Assault,101,No Action,Medium,4days 5Hours,2021,
168,2-Apr-23,April,North Delhi,Cyber Crime,47,FIR Registered,Medium,1days 23Hours,2023,
169,2-Jan-21,January,East Delhi,Kidnapping,78,FIR Registered,High,3days 6Hours,2021,
170,20-Oct-23,October,North East Delhi,Robbery,3,Case Closed,Medium,0days 3Hours,2023,
171,4-Dec-19,December,South Delhi,Fraud,1,Accused Arrested,Medium,0days 1Hours,2019,
172,7-Feb-22,February,North East Delhi,Cyber Crime,5,Case Closed,Medium,0days 5Hours,2022,
173,18-Jun-23,June,East Delhi,Kidnapping,90,FIR Registered,High,3days 18Hours,2023,
174,7-Jul-19,July,Central Delhi,Robbery,119,FIR Registered,Medium,4days 23Hours,2019,
175,13-Oct-20,October,North Delhi,Cyber Crime,14,No Action,Medium,0days 14Hours,2020,
176,24-Jan-22,January,North Delhi,Fraud,103,Accused Arrested,Medium,4days 7Hours,2022,
177,8-Mar-21,March,South East Delhi,Robbery,27,Case Closed,Medium,1days 3Hours,2021,
178,24-Jun-20,June,North West Delhi,Fraud,9,FIR Registered,Medium,0days 9Hours,2020,
179,19-Aug-22,August,East Delhi,Cyber Crime,79,Under Investigation,Medium,3days 7Hours,2022,
180,16-Feb-22,February,East Delhi,Theft,15,Under Investigation,Low,0days 15Hours,2022,
181,1-Apr-23,April,South Delhi,Fraud,90,FIR Registered,Medium,3days 18Hours,2023,
182,12-Aug-23,August,Central Delhi,Domestic Violence,42,FIR Registered,Hight,1days 18Hours,2023,
183,9-Jan-23,January,South Delhi,Murder,77,FIR Registered,High,3days 5Hours,2023,
184,2-Jul-23,July,West Delhi,Murder,51,Case Closed,High,2days 3Hours,2023,
185,30-Nov-20,November,North West Delhi,Domestic Violence,63,FIR Registered,Hight,2days 15Hours,2020,
186,20-Jan-19,January,East Delhi,Theft,96,Accused Arrested,Low,4days 0Hours,2019,
187,4-Feb-19,February,South East Delhi,Fraud,103,FIR Registered,Medium,4days 7Hours,2019,
188,12-Jun-23,June,North Delhi,Assault,113,FIR Registered,Medium,4days 17Hours,2023,
189,21-Jul-20,July,North West Delhi,Kidnapping,52,Case Closed,High,2days 4Hours,2020,
190,28-Feb-22,February,Central Delhi,Fraud,96,Accused Arrested,Medium,4days 0Hours,2022,
191,27-Sep-22,September,West Delhi,Fraud,4,FIR Registered,Medium,0days 4Hours,2022,
192,20-Dec-19,December,North Delhi,Murder,94,Case Closed,High,3days 22Hours,2019,
193,10-Mar-23,March,South East Delhi,Theft,101,Accused Arrested,Low,4days 5Hours,2023,
194,4-Jul-19,July,Central Delhi,Cyber Crime,23,FIR Registered,Medium,0days 23Hours,2019,
195,17-Nov-22,November,East Delhi,Fraud,103,Under Investigation,Medium,4days 7Hours,2022,
196,20-Jul-20,July,North East Delhi,Fraud,109,FIR Registered,Medium,4days 13Hours,2020,
197,23-Jul-20,July,North East Delhi,Domestic Violence,15,Accused Arrested,Hight,0days 15Hours,2020,
198,21-Apr-23,April,South Delhi,Robbery,43,Accused Arrested,Medium,1days 19Hours,2023,
199,8-Nov-20,November,North East Delhi,Domestic Violence,29,Under Investigation,Hight,1days 5Hours,2020,
200,14-May-20,May,North East Delhi,Robbery,36,FIR Registered,Medium,1days 12Hours,2020,
201,25-Sep-23,September,West Delhi,Cyber Crime,13,Under Investigation,Medium,0days 13Hours,2023,
202,16-Jun-21,June,North East Delhi,Cyber Crime,32,FIR Registered,Medium,1days 8Hours,2021,
203,8-Feb-21,February,East Delhi,Cyber Crime,71,FIR Registered,Medium,2days 23Hours,2021,
204,17-Aug-21,August,North West Delhi,Kidnapping,59,Under Investigation,High,2days 11Hours,2021,
205,8-Jan-20,January,East Delhi,Murder,115,Accused Arrested,High,4days 19Hours,2020,
206,10-Apr-23,April,East Delhi,Theft,86,FIR Registered,Low,3days 14Hours,2023,
207,21-Jan-20,January,Central Delhi,Kidnapping,28,Under Investigation,High,1days 4Hours,2020,
208,13-May-22,May,North East Delhi,Fraud,66,Accused Arrested,Medium,2days 18Hours,2022,
209,21-Oct-20,October,West Delhi,Theft,42,Under Investigation,Low,1days 18Hours,2020,
210,11-May-23,May,Central Delhi,Robbery,45,Accused Arrested,Medium,1days 21Hours,2023,
211,13-Jul-22,July,East Delhi,Robbery,62,FIR Registered,Medium,2days 14Hours,2022,
212,30-Aug-20,August,Central Delhi,Theft,57,Under Investigation,Low,2days 9Hours,2020,
213,30-Nov-22,November,North East Delhi,Kidnapping,117,Under Investigation,High,4days 21Hours,2022,
214,8-Aug-19,August,North East Delhi,Robbery,6,Case Closed,Medium,0days 6Hours,2019,
215,16-Apr-21,April,North West Delhi,Fraud,28,Accused Arrested,Medium,1days 4Hours,2021,
216,5-Jul-20,July,South East Delhi,Robbery,28,Under Investigation,Medium,1days 4Hours,2020,
217,12-Jul-19,July,East Delhi,Robbery,108,Accused Arrested,Medium,4days 12Hours,2019,
218,11-Apr-22,April,West Delhi,Kidnapping,44,FIR Registered,High,1days 20Hours,2022,
219,9-Aug-19,August,South Delhi,Kidnapping,84,Under Investigation,High,3days 12Hours,2019,
220,2-Jan-23,January,North West Delhi,Theft,30,Under Investigation,Low,1days 6Hours,2023,
221,9-Dec-22,December,North West Delhi,Cyber Crime,62,Under Investigation,Medium,2days 14Hours,2022,
222,28-May-21,May,North East Delhi,Fraud,75,Under Investigation,Medium,3days 3Hours,2021,
223,13-Nov-20,November,Central Delhi,Robbery,119,Case Closed,Medium,4days 23Hours,2020,
224,12-Apr-20,April,North Delhi,Murder,92,Accused Arrested,High,3days 20Hours,2020,
225,15-Apr-19,April,North Delhi,Kidnapping,89,Under Investigation,High,3days 17Hours,2019,
226,16-Apr-22,April,Central Delhi,Domestic Violence,103,Case Closed,Hight,4days 7Hours,2022,
227,5-May-22,May,South East Delhi,Robbery,62,Under Investigation,Medium,2days 14Hours,2022,
228,12-Dec-19,December,North Delhi,Fraud,97,Accused Arrested,Medium,4days 1Hours,2019,
229,3-Jun-21,June,West Delhi,Murder,1,Case Closed,High,0days 1Hours,2021,
230,12-Oct-19,October,Central Delhi,Murder,27,FIR Registered,High,1days 3Hours,2019,
231,31-Aug-19,August,South East Delhi,Assault,62,Accused Arrested,Medium,2days 14Hours,2019,
232,25-Dec-21,December,West Delhi,Theft,116,Under Investigation,Low,4days 20Hours,2021,
233,11-Dec-23,December,South East Delhi,Fraud,77,FIR Registered,Medium,3days 5Hours,2023,
234,25-Oct-20,October,South Delhi,Murder,105,Under Investigation,High,4days 9Hours,2020,
235,6-Dec-19,December,South East Delhi,Fraud,3,FIR Registered,Medium,0days 3Hours,2019,
236,21-Oct-19,October,North West Delhi,Kidnapping,103,Under Investigation,High,4days 7Hours,2019,
237,13-Sep-23,September,North East Delhi,Assault,70,Under Investigation,Medium,2days 22Hours,2023,
238,6-Aug-23,August,South East Delhi,Domestic Violence,72,FIR Registered,Hight,3days 0Hours,2023,
239,23-Aug-21,August,Central Delhi,Fraud,27,Under Investigation,Medium,1days 3Hours,2021,
240,19-Apr-23,April,North Delhi,Kidnapping,9,FIR Registered,High,0days 9Hours,2023,
241,24-Jan-23,January,South East Delhi,Assault,62,Under Investigation,Medium,2days 14Hours,2023,
242,14-Jan-19,January,North Delhi,Kidnapping,37,Under Investigation,High,1days 13Hours,2019,
243,19-Sep-19,September,North West Delhi,Robbery,97,Accused Arrested,Medium,4days 1Hours,2019,
244,30-Oct-23,October,North East Delhi,Murder,51,Case Closed,High,2days 3Hours,2023,
245,4-Apr-21,April,East Delhi,Assault,106,Case Closed,Medium,4days 10Hours,2021,
246,9-Mar-22,March,Central Delhi,Kidnapping,44,Under Investigation,High,1days 20Hours,2022,
247,29-May-23,May,North East Delhi,Theft,24,Under Investigation,Low,1days 0Hours,2023,
248,23-May-23,May,West Delhi,Domestic Violence,79,Accused Arrested,Hight,3days 7Hours,2023,
249,30-Jul-19,July,East Delhi,Theft,59,FIR Registered,Low,2days 11Hours,2019,
250,17-Sep-23,September,South Delhi,Murder,118,Under Investigation,High,4days 22Hours,2023,
251,20-Dec-20,December,East Delhi,Cyber Crime,32,Accused Arrested,Medium,1days 8Hours,2020,
252,28-Nov-22,November,West Delhi,Assault,96,FIR Registered,Medium,4days 0Hours,2022,
253,3-Aug-21,August,North Delhi,Assault,88,FIR Registered,Medium,3days 16Hours,2021,
254,24-Oct-21,October,South Delhi,Cyber Crime,105,Accused Arrested,Medium,4days 9Hours,2021,
255,30-Aug-21,August,East Delhi,Theft,52,No Action,Low,2days 4Hours,2021,
256,23-Mar-19,March,East Delhi,Murder,113,FIR Registered,High,4days 17Hours,2019,
257,10-Apr-22,April,South East Delhi,Domestic Violence,62,Accused Arrested,Hight,2days 14Hours,2022,
258,21-Jan-21,January,East Delhi,Kidnapping,113,Accused Arrested,High,4days 17Hours,2021,
259,21-Dec-19,December,East Delhi,Cyber Crime,58,No Action,Medium,2days 10Hours,2019,
260,18-Jan-21,January,North East Delhi,Assault,52,Case Closed,Medium,2days 4Hours,2021,
261,8-May-23,May,West Delhi,Cyber Crime,12,Under Investigation,Medium,0days 12Hours,2023,
262,31-Mar-22,March,North East Delhi,Murder,39,No Action,High,1days 15Hours,2022,
263,28-Aug-23,August,East Delhi,Murder,2,No Action,High,0days 2Hours,2023,
264,22-Aug-22,August,West Delhi,Assault,3,Case Closed,Medium,0days 3Hours,2022,
265,22-Sep-22,September,South Delhi,Kidnapping,113,FIR Registered,High,4days 17Hours,2022,
266,9-Jul-20,July,North East Delhi,Cyber Crime,101,No Action,Medium,4days 5Hours,2020,
267,23-May-20,May,South Delhi,Cyber Crime,113,FIR Registered,Medium,4days 17Hours,2020,
268,28-Feb-20,February,South Delhi,Cyber Crime,56,Accused Arrested,Medium,2days 8Hours,2020,
269,25-Nov-21,November,North West Delhi,Robbery,81,FIR Registered,Medium,3days 9Hours,2021,
270,21-Apr-23,April,South East Delhi,Kidnapping,59,Under Investigation,High,2days 11Hours,2023,
271,1-Aug-22,August,East Delhi,Cyber Crime,113,Under Investigation,Medium,4days 17Hours,2022,
272,19-Dec-19,December,South East Delhi,Robbery,2,Under Investigation,Medium,0days 2Hours,2019,
273,26-Feb-20,February,North West Delhi,Kidnapping,2,FIR Registered,High,0days 2Hours,2020,
274,5-Feb-21,February,North East Delhi,Murder,92,FIR Registered,High,3days 20Hours,2021,
275,19-Oct-20,October,North Delhi,Fraud,54,Accused Arrested,Medium,2days 6Hours,2020,
276,8-Jul-21,July,North East Delhi,Domestic Violence,87,Accused Arrested,Hight,3days 15Hours,2021,
277,11-Jul-22,July,West Delhi,Cyber Crime,101,Under Investigation,Medium,4days 5Hours,2022,
278,26-Jan-20,January,West Delhi,Assault,96,FIR Registered,Medium,4days 0Hours,2020,
279,26-May-21,May,West Delhi,Theft,97,Accused Arrested,Low,4days 1Hours,2021,
280,21-Jun-22,June,Central Delhi,Murder,1,FIR Registered,High,0days 1Hours,2022,
281,19-Sep-22,September,North West Delhi,Assault,19,Case Closed,Medium,0days 19Hours,2022,
282,1-Aug-23,August,West Delhi,Domestic Violence,2,Case Closed,Hight,0days 2Hours,2023,
283,16-Nov-19,November,Central Delhi,Murder,53,FIR Registered,High,2days 5Hours,2019,
284,11-May-22,May,West Delhi,Theft,44,Under Investigation,Low,1days 20Hours,2022,
285,19-Feb-21,February,North West Delhi,Theft,90,FIR Registered,Low,3days 18Hours,2021,
286,4-Feb-20,February,North West Delhi,Kidnapping,32,Accused Arrested,High,1days 8Hours,2020,
287,23-Oct-23,October,North West Delhi,Assault,70,FIR Registered,Medium,2days 22Hours,2023,
288,6-Apr-20,April,Central Delhi,Assault,32,FIR Registered,Medium,1days 8Hours,2020,
289,14-Aug-19,August,North Delhi,Fraud,119,Case Closed,Medium,4days 23Hours,2019,
290,8-Sep-22,September,Central Delhi,Cyber Crime,68,Under Investigation,Medium,2days 20Hours,2022,
291,23-Feb-23,February,South East Delhi,Murder,55,Accused Arrested,High,2days 7Hours,2023,
292,15-Feb-22,February,North West Delhi,Domestic Violence,75,No Action,Hight,3days 3Hours,2022,
293,16-Oct-19,October,Central Delhi,Cyber Crime,56,Case Closed,Medium,2days 8Hours,2019,
294,6-Oct-19,October,South Delhi,Murder,17,No Action,High,0days 17Hours,2019,
295,11-Apr-21,April,South Delhi,Cyber Crime,38,Under Investigation,Medium,1days 14Hours,2021,
296,21-Jul-20,July,West Delhi,Cyber Crime,24,Under Investigation,Medium,1days 0Hours,2020,
297,14-Jun-19,June,Central Delhi,Murder,69,Under Investigation,High,2days 21Hours,2019,
298,26-May-23,May,North West Delhi,Robbery,116,FIR Registered,Medium,4days 20Hours,2023,
299,11-May-23,May,North East Delhi,Domestic Violence,98,No Action,Hight,4days 2Hours,2023,
300,21-Jun-23,June,North Delhi,Murder,70,No Action,High,2days 22Hours,2023,
301,8-Dec-23,December,South Delhi,Cyber Crime,86,FIR Registered,Medium,3days 14Hours,2023,
302,26-Oct-23,October,South East Delhi,Kidnapping,11,Under Investigation,High,0days 11Hours,2023,
303,27-Sep-19,September,East Delhi,Assault,112,Case Closed,Medium,4days 16Hours,2019,
304,15-Mar-21,March,North West Delhi,Cyber Crime,16,Accused Arrested,Medium,0days 16Hours,2021,
305,24-Jul-21,July,North Delhi,Murder,97,Under Investigation,High,4days 1Hours,2021,
306,24-Mar-21,March,South Delhi,Cyber Crime,73,Accused Arrested,Medium,3days 1Hours,2021,
307,7-Jan-23,January,North Delhi,Murder,59,Accused Arrested,High,2days 11Hours,2023,
308,3-Aug-22,August,East Delhi,Murder,70,Accused Arrested,High,2days 22Hours,2022,
309,28-Oct-21,October,North East Delhi,Domestic Violence,80,Under Investigation,Hight,3days 8Hours,2021,
310,4-Aug-22,August,South Delhi,Domestic Violence,93,FIR Registered,Hight,3days 21Hours,2022,
311,1-Mar-20,March,North Delhi,Kidnapping,3,FIR Registered,High,0days 3Hours,2020,
312,27-Apr-23,April,South East Delhi,Domestic Violence,20,Accused Arrested,Hight,0days 20Hours,2023,
313,14-Aug-23,August,North West Delhi,Theft,59,FIR Registered,Low,2days 11Hours,2023,
314,2-Nov-19,November,North Delhi,Theft,36,FIR Registered,Low,1days 12Hours,2019,
315,10-Jun-20,June,North East Delhi,Assault,19,FIR Registered,Medium,0days 19Hours,2020,
316,11-Oct-22,October,North West Delhi,Robbery,90,Under Investigation,Medium,3days 18Hours,2022,
317,6-Apr-23,April,Central Delhi,Fraud,67,Accused Arrested,Medium,2days 19Hours,2023,
318,28-May-21,May,South East Delhi,Theft,19,Under Investigation,Low,0days 19Hours,2021,
319,30-Aug-23,August,East Delhi,Robbery,20,Under Investigation,Medium,0days 20Hours,2023,
320,13-Oct-22,October,South Delhi,Fraud,96,FIR Registered,Medium,4days 0Hours,2022,
321,14-Sep-19,September,West Delhi,Cyber Crime,71,Accused Arrested,Medium,2days 23Hours,2019,
322,2-Sep-20,September,Central Delhi,Cyber Crime,52,FIR Registered,Medium,2days 4Hours,2020,
323,30-Apr-22,April,East Delhi,Fraud,105,FIR Registered,Medium,4days 9Hours,2022,
324,21-Jul-22,July,South Delhi,Assault,33,Accused Arrested,Medium,1days 9Hours,2022,
325,28-Aug-19,August,North West Delhi,Assault,40,FIR Registered,Medium,1days 16Hours,2019,
326,27-Sep-19,September,East Delhi,Theft,39,Accused Arrested,Low,1days 15Hours,2019,
327,17-Nov-23,November,North West Delhi,Kidnapping,82,Accused Arrested,High,3days 10Hours,2023,
328,9-Dec-20,December,North East Delhi,Murder,104,Accused Arrested,High,4days 8Hours,2020,
329,4-Oct-19,October,North Delhi,Assault,1,Case Closed,Medium,0days 1Hours,2019,
330,5-Jul-19,July,South Delhi,Fraud,11,Case Closed,Medium,0days 11Hours,2019,
331,7-Dec-19,December,North West Delhi,Robbery,92,FIR Registered,Medium,3days 20Hours,2019,
332,23-Apr-23,April,North West Delhi,Fraud,57,Under Investigation,Medium,2days 9Hours,2023,
333,25-Dec-22,December,East Delhi,Murder,89,Accused Arrested,High,3days 17Hours,2022,
334,1-Dec-23,December,North West Delhi,Fraud,50,FIR Registered,Medium,2days 2Hours,2023,
335,31-Dec-19,December,West Delhi,Cyber Crime,23,Case Closed,Medium,0days 23Hours,2019,
336,21-Feb-20,February,South East Delhi,Fraud,31,Under Investigation,Medium,1days 7Hours,2020,
337,14-Jul-20,July,North East Delhi,Cyber Crime,94,Under Investigation,Medium,3days 22Hours,2020,
338,8-Oct-20,October,South Delhi,Robbery,42,FIR Registered,Medium,1days 18Hours,2020,
339,16-Nov-21,November,South East Delhi,Theft,99,Under Investigation,Low,4days 3Hours,2021,
340,26-Jul-21,July,North West Delhi,Assault,7,Under Investigation,Medium,0days 7Hours,2021,
341,10-Jul-22,July,North East Delhi,Murder,16,Under Investigation,High,0days 16Hours,2022,
342,10-Jan-22,January,West Delhi,Robbery,90,FIR Registered,Medium,3days 18Hours,2022,
343,7-Apr-19,April,North West Delhi,Robbery,112,Accused Arrested,Medium,4days 16Hours,2019,
344,15-Apr-19,April,North East Delhi,Assault,116,FIR Registered,Medium,4days 20Hours,2019,
345,20-Aug-23,August,Central Delhi,Theft,60,Under Investigation,Low,2days 12Hours,2023,
346,6-Feb-19,February,Central Delhi,Robbery,113,Accused Arrested,Medium,4days 17Hours,2019,
347,2-Oct-21,October,South Delhi,Robbery,2,Case Closed,Medium,0days 2Hours,2021,
348,29-Aug-22,August,West Delhi,Domestic Violence,1,Accused Arrested,Hight,0days 1Hours,2022,
349,12-Sep-23,September,South Delhi,Cyber Crime,48,FIR Registered,Medium,2days 0Hours,2023,
350,2-Feb-21,February,West Delhi,Theft,12,FIR Registered,Low,0days 12Hours,2021,
351,2-Aug-20,August,South East Delhi,Domestic Violence,69,FIR Registered,Hight,2days 21Hours,2020,
352,1-Oct-21,October,South Delhi,Assault,37,Case Closed,Medium,1days 13Hours,2021,
353,2-Jul-20,July,West Delhi,Cyber Crime,32,FIR Registered,Medium,1days 8Hours,2020,
354,9-Jan-19,January,South Delhi,Theft,119,FIR Registered,Low,4days 23Hours,2019,
355,4-Nov-20,November,North Delhi,Murder,9,Under Investigation,High,0days 9Hours,2020,
356,1-Jul-23,July,North Delhi,Robbery,105,Accused Arrested,Medium,4days 9Hours,2023,
357,23-Jun-21,June,West Delhi,Assault,99,Accused Arrested,Medium,4days 3Hours,2021,
358,24-Nov-19,November,North West Delhi,Assault,19,Accused Arrested,Medium,0days 19Hours,2019,
359,5-Feb-20,February,East Delhi,Assault,48,No Action,Medium,2days 0Hours,2020,
360,27-Feb-20,February,Central Delhi,Assault,80,No Action,Medium,3days 8Hours,2020,
361,5-May-20,May,North Delhi,Kidnapping,3,Under Investigation,High,0days 3Hours,2020,
362,13-Dec-20,December,South Delhi,Fraud,20,Case Closed,Medium,0days 20Hours,2020,
363,4-Feb-21,February,South Delhi,Fraud,24,Under Investigation,Medium,1days 0Hours,2021,
364,21-Mar-23,March,Central Delhi,Domestic Violence,54,FIR Registered,Hight,2days 6Hours,2023,
365,6-Nov-20,November,South Delhi,Fraud,33,Under Investigation,Medium,1days 9Hours,2020,
366,7-Feb-20,February,South East Delhi,Assault,24,FIR Registered,Medium,1days 0Hours,2020,
367,9-Feb-21,February,North Delhi,Cyber Crime,116,FIR Registered,Medium,4days 20Hours,2021,
368,23-Jan-22,January,Central Delhi,Murder,75,FIR Registered,High,3days 3Hours,2022,
369,6-Jun-20,June,North Delhi,Assault,113,Case Closed,Medium,4days 17Hours,2020,
370,20-Jan-19,January,West Delhi,Kidnapping,72,FIR Registered,High,3days 0Hours,2019,
371,4-Apr-20,April,South East Delhi,Murder,36,Accused Arrested,High,1days 12Hours,2020,
372,17-Feb-20,February,North East Delhi,Murder,38,Accused Arrested,High,1days 14Hours,2020,
373,24-Feb-20,February,North West Delhi,Murder,104,Case Closed,High,4days 8Hours,2020,
374,6-Oct-20,October,South East Delhi,Cyber Crime,84,Accused Arrested,Medium,3days 12Hours,2020,
375,21-Feb-21,February,North Delhi,Murder,99,Accused Arrested,High,4days 3Hours,2021,
376,1-May-21,May,South Delhi,Cyber Crime,112,Accused Arrested,Medium,4days 16Hours,2021,
377,23-May-20,May,South Delhi,Theft,89,Accused Arrested,Low,3days 17Hours,2020,
378,14-Sep-20,September,North East Delhi,Kidnapping,99,Case Closed,High,4days 3Hours,2020,
379,19-Jan-22,January,North West Delhi,Robbery,25,FIR Registered,Medium,1days 1Hours,2022,
380,9-Jul-21,July,South Delhi,Murder,93,FIR Registered,High,3days 21Hours,2021,
381,29-Aug-21,August,South Delhi,Theft,18,No Action,Low,0days 18Hours,2021,
382,15-Jun-21,June,West Delhi,Domestic Violence,110,Case Closed,Hight,4days 14Hours,2021,
383,11-May-22,May,North West Delhi,Kidnapping,82,Accused Arrested,High,3days 10Hours,2022,
384,11-Sep-22,September,North East Delhi,Assault,66,Case Closed,Medium,2days 18Hours,2022,
385,30-Mar-20,March,North West Delhi,Theft,54,Accused Arrested,Low,2days 6Hours,2020,
386,10-Jan-21,January,North West Delhi,Murder,35,Under Investigation,High,1days 11Hours,2021,
387,4-Feb-21,February,Central Delhi,Robbery,80,Under Investigation,Medium,3days 8Hours,2021,
388,21-Feb-22,February,East Delhi,Assault,61,Under Investigation,Medium,2days 13Hours,2022,
389,31-May-23,May,West Delhi,Fraud,41,Case Closed,Medium,1days 17Hours,2023,
390,28-Jun-19,June,North Delhi,Domestic Violence,100,No Action,Hight,4days 4Hours,2019,
391,25-Mar-21,March,North Delhi,Theft,33,FIR Registered,Low,1days 9Hours,2021,
392,27-Oct-20,October,North West Delhi,Robbery,68,Under Investigation,Medium,2days 20Hours,2020,
393,18-Nov-19,November,East Delhi,Fraud,33,FIR Registered,Medium,1days 9Hours,2019,
394,7-Mar-21,March,West Delhi,Cyber Crime,14,FIR Registered,Medium,0days 14Hours,2021,
395,2-Jan-20,January,North Delhi,Kidnapping,21,Under Investigation,High,0days 21Hours,2020,
396,22-Jan-21,January,North Delhi,Kidnapping,48,Case Closed,High,2days 0Hours,2021,
397,1-Jul-21,July,West Delhi,Fraud,20,No Action,Medium,0days 20Hours,2021,
398,25-Mar-23,March,West Delhi,Robbery,8,Case Closed,Medium,0days 8Hours,2023,
399,21-Jan-19,January,Central Delhi,Theft,7,Under Investigation,Low,0days 7Hours,2019,
400,21-Dec-20,December,South Delhi,Kidnapping,67,Under Investigation,High,2days 19Hours,2020,
401,29-May-19,May,East Delhi,Domestic Violence,17,Case Closed,Hight,0days 17Hours,2019,
402,28-Oct-22,October,South East Delhi,Kidnapping,33,Under Investigation,High,1days 9Hours,2022,
403,9-Nov-23,November,North Delhi,Domestic Violence,48,FIR Registered,Hight,2days 0Hours,2023,
404,27-Jan-21,January,North Delhi,Theft,76,FIR Registered,Low,3days 4Hours,2021,
405,8-Jul-23,July,West Delhi,Fraud,59,Case Closed,Medium,2days 11Hours,2023,
406,7-Jun-21,June,East Delhi,Domestic Violence,115,Accused Arrested,Hight,4days 19Hours,2021,
407,18-Apr-21,April,Central Delhi,Fraud,86,Accused Arrested,Medium,3days 14Hours,2021,
408,20-Dec-21,December,North East Delhi,Fraud,119,Accused Arrested,Medium,4days 23Hours,2021,
409,14-Mar-19,March,South Delhi,Murder,22,Accused Arrested,High,0days 22Hours,2019,
410,28-Aug-21,August,North East Delhi,Domestic Violence,110,Case Closed,Hight,4days 14Hours,2021,
411,16-Aug-21,August,South Delhi,Fraud,30,Accused Arrested,Medium,1days 6Hours,2021,
412,29-May-20,May,North Delhi,Theft,38,FIR Registered,Low,1days 14Hours,2020,
413,14-Aug-20,August,South Delhi,Domestic Violence,102,Accused Arrested,Hight,4days 6Hours,2020,
414,2-Jan-20,January,North East Delhi,Assault,109,FIR Registered,Medium,4days 13Hours,2020,
415,29-Sep-22,September,North East Delhi,Domestic Violence,51,FIR Registered,Hight,2days 3Hours,2022,
416,30-Jan-21,January,Central Delhi,Kidnapping,54,Accused Arrested,High,2days 6Hours,2021,
417,13-Aug-19,August,North West Delhi,Assault,8,Under Investigation,Medium,0days 8Hours,2019,
418,25-Oct-19,October,North Delhi,Robbery,27,Under Investigation,Medium,1days 3Hours,2019,
419,30-Jul-23,July,East Delhi,Theft,27,Under Investigation,Low,1days 3Hours,2023,
420,10-Nov-20,November,Central Delhi,Murder,98,Accused Arrested,High,4days 2Hours,2020,
421,12-Mar-21,March,North Delhi,Theft,21,Accused Arrested,Low,0days 21Hours,2021,
422,10-Aug-19,August,North Delhi,Domestic Violence,30,Accused Arrested,Hight,1days 6Hours,2019,
423,1-Nov-22,November,Central Delhi,Fraud,97,Case Closed,Medium,4days 1Hours,2022,
424,12-Nov-21,November,South East Delhi,Domestic Violence,28,Under Investigation,Hight,1days 4Hours,2021,
425,25-Jan-20,January,Central Delhi,Robbery,111,No Action,Medium,4days 15Hours,2020,
426,23-Aug-19,August,North Delhi,Murder,64,Under Investigation,High,2days 16Hours,2019,
427,9-Aug-21,August,North Delhi,Robbery,97,Accused Arrested,Medium,4days 1Hours,2021,
428,25-Feb-23,February,North East Delhi,Theft,69,FIR Registered,Low,2days 21Hours,2023,
429,23-Sep-23,September,North East Delhi,Kidnapping,61,Accused Arrested,High,2days 13Hours,2023,
430,20-Jul-23,July,North Delhi,Theft,48,FIR Registered,Low,2days 0Hours,2023,
431,22-Sep-21,September,Central Delhi,Robbery,19,No Action,Medium,0days 19Hours,2021,
432,18-Aug-19,August,Central Delhi,Fraud,4,FIR Registered,Medium,0days 4Hours,2019,
433,28-Jun-19,June,South East Delhi,Kidnapping,35,FIR Registered,High,1days 11Hours,2019,
434,16-Sep-21,September,South East Delhi,Kidnapping,64,FIR Registered,High,2days 16Hours,2021,
435,2-Feb-22,February,South Delhi,Theft,49,FIR Registered,Low,2days 1Hours,2022,
436,18-Sep-22,September,North East Delhi,Assault,17,Case Closed,Medium,0days 17Hours,2022,
437,28-Oct-23,October,North Delhi,Fraud,44,Case Closed,Medium,1days 20Hours,2023,
438,18-Jun-22,June,North West Delhi,Cyber Crime,92,Accused Arrested,Medium,3days 20Hours,2022,
439,10-Jan-20,January,Central Delhi,Kidnapping,30,No Action,High,1days 6Hours,2020,
440,1-Dec-20,December,South Delhi,Assault,93,Accused Arrested,Medium,3days 21Hours,2020,
441,30-Nov-19,November,North Delhi,Fraud,46,Under Investigation,Medium,1days 22Hours,2019,
442,11-Mar-23,March,North West Delhi,Theft,117,Case Closed,Low,4days 21Hours,2023,
443,2-Jan-20,January,North West Delhi,Fraud,6,Under Investigation,Medium,0days 6Hours,2020,
444,30-Jan-22,January,North Delhi,Theft,99,No Action,Low,4days 3Hours,2022,
445,4-Mar-23,March,North West Delhi,Kidnapping,105,FIR Registered,High,4days 9Hours,2023,
446,25-Dec-19,December,South Delhi,Kidnapping,37,Case Closed,High,1days 13Hours,2019,
447,13-Apr-19,April,East Delhi,Murder,24,Under Investigation,High,1days 0Hours,2019,
448,5-Jun-21,June,North East Delhi,Theft,93,Case Closed,Low,3days 21Hours,2021,
449,17-Jun-20,June,North East Delhi,Domestic Violence,113,Case Closed,Hight,4days 17Hours,2020,
450,5-Jul-21,July,North West Delhi,Theft,46,No Action,Low,1days 22Hours,2021,
451,28-May-22,May,South Delhi,Fraud,53,FIR Registered,Medium,2days 5Hours,2022,
452,24-Apr-19,April,North West Delhi,Theft,95,No Action,Low,3days 23Hours,2019,
453,5-Jun-19,June,Central Delhi,Robbery,99,FIR Registered,Medium,4days 3Hours,2019,
454,6-Oct-22,October,West Delhi,Theft,60,FIR Registered,Low,2days 12Hours,2022,
455,6-Oct-23,October,Central Delhi,Robbery,97,Accused Arrested,Medium,4days 1Hours,2023,
456,7-Sep-20,September,East Delhi,Kidnapping,116,Case Closed,High,4days 20Hours,2020,
457,25-May-21,May,South East Delhi,Domestic Violence,63,Under Investigation,Hight,2days 15Hours,2021,
458,29-Aug-21,August,West Delhi,Kidnapping,85,Accused Arrested,High,3days 13Hours,2021,
459,15-Jan-19,January,West Delhi,Domestic Violence,32,FIR Registered,Hight,1days 8Hours,2019,
460,4-Mar-20,March,North West Delhi,Murder,87,Case Closed,High,3days 15Hours,2020,
461,30-Jun-22,June,South East Delhi,Assault,33,FIR Registered,Medium,1days 9Hours,2022,
462,16-Feb-21,February,South East Delhi,Murder,67,Under Investigation,High,2days 19Hours,2021,
463,17-May-21,May,North Delhi,Cyber Crime,18,Under Investigation,Medium,0days 18Hours,2021,
464,19-Aug-21,August,North Delhi,Assault,25,Under Investigation,Medium,1days 1Hours,2021,
465,12-Jun-22,June,South Delhi,Domestic Violence,106,Case Closed,Hight,4days 10Hours,2022,
466,15-Aug-23,August,South East Delhi,Cyber Crime,95,Under Investigation,Medium,3days 23Hours,2023,
467,8-Jul-22,July,South Delhi,Murder,54,Accused Arrested,High,2days 6Hours,2022,
468,3-Jan-21,January,East Delhi,Fraud,58,Under Investigation,Medium,2days 10Hours,2021,
469,3-Apr-22,April,North Delhi,Domestic Violence,67,FIR Registered,Hight,2days 19Hours,2022,
470,9-Dec-21,December,North Delhi,Murder,104,Under Investigation,High,4days 8Hours,2021,
471,9-Jan-19,January,North West Delhi,Assault,46,Accused Arrested,Medium,1days 22Hours,2019,
472,26-Nov-19,November,North Delhi,Murder,24,FIR Registered,High,1days 0Hours,2019,
473,15-Nov-23,November,West Delhi,Assault,114,Accused Arrested,Medium,4days 18Hours,2023,
474,27-Feb-19,February,West Delhi,Fraud,32,Under Investigation,Medium,1days 8Hours,2019,
475,7-Nov-23,November,North Delhi,Kidnapping,47,Under Investigation,High,1days 23Hours,2023,
476,10-Sep-19,September,South East Delhi,Fraud,86,Under Investigation,Medium,3days 14Hours,2019,
477,4-Feb-22,February,South East Delhi,Cyber Crime,23,Case Closed,Medium,0days 23Hours,2022,
478,30-Oct-21,October,Central Delhi,Domestic Violence,66,Under Investigation,Hight,2days 18Hours,2021,
479,22-May-22,May,Central Delhi,Assault,27,Accused Arrested,Medium,1days 3Hours,2022,
480,17-Jul-20,July,West Delhi,Assault,106,FIR Registered,Medium,4days 10Hours,2020,
481,11-Jun-21,June,South Delhi,Fraud,2,Under Investigation,Medium,0days 2Hours,2021,
482,1-Sep-20,September,East Delhi,Theft,90,Under Investigation,Low,3days 18Hours,2020,
483,23-Feb-21,February,Central Delhi,Theft,17,Accused Arrested,Low,0days 17Hours,2021,
484,17-Jun-19,June,South Delhi,Theft,104,Accused Arrested,Low,4days 8Hours,2019,
485,4-Feb-22,February,Central Delhi,Fraud,33,Under Investigation,Medium,1days 9Hours,2022,
486,6-May-22,May,South Delhi,Fraud,9,Accused Arrested,Medium,0days 9Hours,2022,
487,2-Sep-21,September,South East Delhi,Assault,43,No Action,Medium,1days 19Hours,2021,
488,21-May-20,May,South Delhi,Theft,118,Accused Arrested,Low,4days 22Hours,2020,
489,13-Mar-19,March,South Delhi,Domestic Violence,48,Under Investigation,Hight,2days 0Hours,2019,
490,22-Dec-23,December,West Delhi,Theft,39,Accused Arrested,Low,1days 15Hours,2023,
491,11-Nov-20,November,West Delhi,Domestic Violence,93,FIR Registered,Hight,3days 21Hours,2020,
492,28-Oct-19,October,East Delhi,Fraud,42,No Action,Medium,1days 18Hours,2019,
493,16-Jul-19,July,Central Delhi,Kidnapping,119,FIR Registered,High,4days 23Hours,2019,
494,9-Feb-19,February,Central Delhi,Theft,26,Case Closed,Low,1days 2Hours,2019,
495,27-Dec-22,December,North East Delhi,Theft,99,FIR Registered,Low,4days 3Hours,2022,
496,11-May-23,May,North West Delhi,Murder,50,Accused Arrested,High,2days 2Hours,2023,
497,10-Feb-21,February,South Delhi,Fraud,25,Under Investigation,Medium,1days 1Hours,2021,
498,19-Oct-22,October,North West Delhi,Murder,24,Accused Arrested,High,1days 0Hours,2022,
499,23-May-23,May,North Delhi,Robbery,13,No Action,Medium,0days 13Hours,2023,
500,20-Jun-20,June,North West Delhi,Cyber Crime,60,Case Closed,Medium,2days 12Hours,2020,
501,6-Jun-21,June,South Delhi,Cyber Crime,7,FIR Registered,Medium,0days 7Hours,2021,
502,24-Apr-23,April,South East Delhi,Theft,57,FIR Registered,Low,2days 9Hours,2023,
503,17-May-19,May,South East Delhi,Cyber Crime,36,FIR Registered,Medium,1days 12Hours,2019,
504,12-Jan-22,January,East Delhi,Domestic Violence,45,Accused Arrested,Hight,1days 21Hours,2022,
505,30-Nov-22,November,North East Delhi,Kidnapping,20,Under Investigation,High,0days 20Hours,2022,
506,8-Mar-23,March,North Delhi,Fraud,65,FIR Registered,Medium,2days 17Hours,2023,
507,27-Oct-21,October,North Delhi,Kidnapping,8,Case Closed,High,0days 8Hours,2021,
508,5-Jun-20,June,West Delhi,Assault,110,No Action,Medium,4days 14Hours,2020,
509,22-Jan-23,January,West Delhi,Kidnapping,16,Accused Arrested,High,0days 16Hours,2023,
510,13-Jan-21,January,West Delhi,Kidnapping,14,Case Closed,High,0days 14Hours,2021,
511,21-Apr-21,April,South Delhi,Robbery,76,Accused Arrested,Medium,3days 4Hours,2021,
512,28-Jun-19,June,West Delhi,Domestic Violence,115,FIR Registered,Hight,4days 19Hours,2019,
513,15-Jun-23,June,Central Delhi,Kidnapping,87,Under Investigation,High,3days 15Hours,2023,
514,24-Sep-20,September,North Delhi,Cyber Crime,15,Accused Arrested,Medium,0days 15Hours,2020,
515,2-Apr-21,April,North Delhi,Cyber Crime,92,Case Closed,Medium,3days 20Hours,2021,
516,15-May-22,May,North Delhi,Robbery,98,Case Closed,Medium,4days 2Hours,2022,
517,15-May-22,May,West Delhi,Fraud,66,Case Closed,Medium,2days 18Hours,2022,
518,2-May-19,May,North Delhi,Assault,32,Accused Arrested,Medium,1days 8Hours,2019,
519,4-Oct-23,October,South East Delhi,Robbery,87,Under Investigation,Medium,3days 15Hours,2023,
520,9-Feb-22,February,West Delhi,Robbery,63,Accused Arrested,Medium,2days 15Hours,2022,
521,12-May-20,May,East Delhi,Domestic Violence,86,Case Closed,Hight,3days 14Hours,2020,
522,13-Sep-19,September,West Delhi,Robbery,51,Accused Arrested,Medium,2days 3Hours,2019,
523,2-Jan-21,January,South Delhi,Theft,25,Under Investigation,Low,1days 1Hours,2021,
524,21-Oct-20,October,Central Delhi,Fraud,58,Under Investigation,Medium,2days 10Hours,2020,
525,12-Jun-23,June,North West Delhi,Domestic Violence,63,FIR Registered,Hight,2days 15Hours,2023,
526,15-Nov-21,November,North East Delhi,Assault,62,Under Investigation,Medium,2days 14Hours,2021,
527,12-Oct-19,October,East Delhi,Robbery,22,Under Investigation,Medium,0days 22Hours,2019,
528,15-Dec-22,December,East Delhi,Robbery,58,Accused Arrested,Medium,2days 10Hours,2022,
529,4-Apr-19,April,South Delhi,Murder,58,FIR Registered,High,2days 10Hours,2019,
530,12-Jul-22,July,North Delhi,Murder,86,Accused Arrested,High,3days 14Hours,2022,
531,19-Jul-19,July,Central Delhi,Robbery,49,Accused Arrested,Medium,2days 1Hours,2019,
532,2-Feb-19,February,North East Delhi,Assault,52,Under Investigation,Medium,2days 4Hours,2019,
533,9-Sep-20,September,North Delhi,Robbery,42,Under Investigation,Medium,1days 18Hours,2020,
534,12-Apr-20,April,Central Delhi,Theft,70,Under Investigation,Low,2days 22Hours,2020,
535,30-Dec-21,December,West Delhi,Theft,15,Case Closed,Low,0days 15Hours,2021,
536,3-Oct-20,October,West Delhi,Robbery,54,Accused Arrested,Medium,2days 6Hours,2020,
537,17-Jul-20,July,Central Delhi,Assault,107,Accused Arrested,Medium,4days 11Hours,2020,
538,20-Mar-23,March,North Delhi,Fraud,60,Under Investigation,Medium,2days 12Hours,2023,
539,30-Oct-20,October,South Delhi,Fraud,101,No Action,Medium,4days 5Hours,2020,
540,8-Mar-21,March,South East Delhi,Theft,97,Under Investigation,Low,4days 1Hours,2021,
541,11-Feb-20,February,West Delhi,Kidnapping,8,Accused Arrested,High,0days 8Hours,2020,
542,10-Feb-21,February,Central Delhi,Domestic Violence,53,Accused Arrested,Hight,2days 5Hours,2021,
543,9-Jan-21,January,North West Delhi,Kidnapping,60,FIR Registered,High,2days 12Hours,2021,
544,6-Dec-23,December,South Delhi,Kidnapping,108,Case Closed,High,4days 12Hours,2023,
545,31-Jul-20,July,North East Delhi,Fraud,108,Case Closed,Medium,4days 12Hours,2020,
546,30-Jan-22,January,Central Delhi,Murder,5,Accused Arrested,High,0days 5Hours,2022,
547,27-Jan-21,January,South East Delhi,Robbery,103,Under Investigation,Medium,4days 7Hours,2021,
548,13-Feb-22,February,West Delhi,Assault,68,Under Investigation,Medium,2days 20Hours,2022,
549,2-Nov-19,November,Central Delhi,Robbery,6,Under Investigation,Medium,0days 6Hours,2019,
550,18-Sep-22,September,North West Delhi,Domestic Violence,109,FIR Registered,Hight,4days 13Hours,2022,
551,28-Oct-22,October,West Delhi,Domestic Violence,96,Accused Arrested,Hight,4days 0Hours,2022,
552,19-Jan-20,January,South Delhi,Assault,116,Under Investigation,Medium,4days 20Hours,2020,
553,16-Oct-21,October,North Delhi,Assault,94,Case Closed,Medium,3days 22Hours,2021,
554,19-Jun-19,June,Central Delhi,Assault,47,Accused Arrested,Medium,1days 23Hours,2019,
555,16-Sep-20,September,North East Delhi,Murder,99,Under Investigation,High,4days 3Hours,2020,
556,4-May-20,May,North West Delhi,Domestic Violence,55,Under Investigation,Hight,2days 7Hours,2020,
557,29-Mar-19,March,South East Delhi,Theft,40,FIR Registered,Low,1days 16Hours,2019,
558,25-Feb-23,February,East Delhi,Cyber Crime,52,FIR Registered,Medium,2days 4Hours,2023,
559,20-Aug-21,August,North Delhi,Domestic Violence,16,Under Investigation,Hight,0days 16Hours,2021,
560,14-Apr-23,April,Central Delhi,Theft,13,Under Investigation,Low,0days 13Hours,2023,
561,1-Mar-20,March,North Delhi,Domestic Violence,114,Case Closed,Hight,4days 18Hours,2020,
562,30-Jul-22,July,Central Delhi,Cyber Crime,106,Accused Arrested,Medium,4days 10Hours,2022,
563,20-Apr-19,April,South Delhi,Cyber Crime,30,FIR Registered,Medium,1days 6Hours,2019,
564,24-Mar-20,March,East Delhi,Theft,19,Accused Arrested,Low,0days 19Hours,2020,
565,3-Mar-20,March,East Delhi,Theft,17,FIR Registered,Low,0days 17Hours,2020,
566,12-Jan-23,January,Central Delhi,Fraud,63,FIR Registered,Medium,2days 15Hours,2023,
567,19-Apr-23,April,East Delhi,Domestic Violence,19,Under Investigation,Hight,0days 19Hours,2023,
568,12-Aug-19,August,West Delhi,Theft,92,Case Closed,Low,3days 20Hours,2019,
569,28-Jul-20,July,Central Delhi,Domestic Violence,58,FIR Registered,Hight,2days 10Hours,2020,
570,7-Aug-20,August,Central Delhi,Domestic Violence,55,Under Investigation,Hight,2days 7Hours,2020,
571,14-Feb-20,February,South Delhi,Fraud,90,Accused Arrested,Medium,3days 18Hours,2020,
572,28-Mar-23,March,North West Delhi,Kidnapping,101,FIR Registered,High,4days 5Hours,2023,
573,11-Jun-19,June,North West Delhi,Fraud,90,Under Investigation,Medium,3days 18Hours,2019,
574,3-Jan-19,January,North East Delhi,Assault,117,Case Closed,Medium,4days 21Hours,2019,
575,23-Feb-20,February,Central Delhi,Kidnapping,62,Case Closed,High,2days 14Hours,2020,
576,15-Dec-22,December,North Delhi,Domestic Violence,23,FIR Registered,Hight,0days 23Hours,2022,
577,20-Apr-23,April,West Delhi,Kidnapping,9,Case Closed,High,0days 9Hours,2023,
578,7-Aug-23,August,West Delhi,Theft,12,Accused Arrested,Low,0days 12Hours,2023,
579,16-Apr-21,April,South East Delhi,Murder,117,Under Investigation,High,4days 21Hours,2021,
580,6-Oct-22,October,South East Delhi,Murder,1,Under Investigation,High,0days 1Hours,2022,
581,12-Feb-23,February,West Delhi,Murder,58,FIR Registered,High,2days 10Hours,2023,
582,27-Dec-23,December,North East Delhi,Murder,1,Accused Arrested,High,0days 1Hours,2023,
583,13-May-22,May,South East Delhi,Theft,111,FIR Registered,Low,4days 15Hours,2022,
584,26-May-20,May,South East Delhi,Robbery,34,FIR Registered,Medium,1days 10Hours,2020,
585,20-Mar-22,March,North East Delhi,Cyber Crime,96,Under Investigation,Medium,4days 0Hours,2022,
586,8-May-23,May,East Delhi,Assault,118,Accused Arrested,Medium,4days 22Hours,2023,
587,26-Feb-20,February,North Delhi,Assault,48,FIR Registered,Medium,2days 0Hours,2020,
588,10-Jul-21,July,North Delhi,Murder,89,FIR Registered,High,3days 17Hours,2021,
589,24-Mar-20,March,South East Delhi,Robbery,104,FIR Registered,Medium,4days 8Hours,2020,
590,10-Apr-19,April,West Delhi,Domestic Violence,109,Under Investigation,Hight,4days 13Hours,2019,
591,13-Feb-21,February,West Delhi,Theft,117,Under Investigation,Low,4days 21Hours,2021,
592,3-Jul-23,July,West Delhi,Robbery,1,Under Investigation,Medium,0days 1Hours,2023,
593,10-Feb-23,February,South East Delhi,Domestic Violence,16,Under Investigation,Hight,0days 16Hours,2023,
594,6-Apr-19,April,Central Delhi,Robbery,61,Accused Arrested,Medium,2days 13Hours,2019,
595,18-Feb-21,February,South East Delhi,Theft,103,FIR Registered,Low,4days 7Hours,2021,
596,2-Mar-21,March,East Delhi,Fraud,64,Accused Arrested,Medium,2days 16Hours,2021,
597,29-Apr-23,April,North East Delhi,Domestic Violence,63,Accused Arrested,Hight,2days 15Hours,2023,
598,5-Oct-23,October,South East Delhi,Domestic Violence,69,Accused Arrested,Hight,2days 21Hours,2023,
599,12-Apr-23,April,Central Delhi,Theft,22,Case Closed,Low,0days 22Hours,2023,
600,2-Dec-20,December,East Delhi,Murder,93,FIR Registered,High,3days 21Hours,2020,
601,5-Aug-20,August,West Delhi,Theft,119,Under Investigation,Low,4days 23Hours,2020,
602,28-Jun-22,June,North West Delhi,Cyber Crime,67,Accused Arrested,Medium,2days 19Hours,2022,
603,17-Oct-20,October,South Delhi,Robbery,76,Accused Arrested,Medium,3days 4Hours,2020,
604,14-Jun-20,June,Central Delhi,Assault,26,Accused Arrested,Medium,1days 2Hours,2020,
605,27-Oct-19,October,East Delhi,Murder,16,Under Investigation,High,0days 16Hours,2019,
606,19-Nov-21,November,East Delhi,Fraud,51,Case Closed,Medium,2days 3Hours,2021,
607,24-Aug-23,August,North East Delhi,Domestic Violence,101,Under Investigation,Hight,4days 5Hours,2023,
608,18-Nov-21,November,North West Delhi,Kidnapping,86,Accused Arrested,High,3days 14Hours,2021,
609,9-Dec-21,December,East Delhi,Cyber Crime,57,FIR Registered,Medium,2days 9Hours,2021,
610,25-Jun-23,June,North East Delhi,Assault,29,FIR Registered,Medium,1days 5Hours,2023,
611,29-Aug-19,August,North East Delhi,Theft,78,Case Closed,Low,3days 6Hours,2019,
612,12-Sep-23,September,West Delhi,Murder,92,FIR Registered,High,3days 20Hours,2023,
613,17-Nov-22,November,South Delhi,Murder,69,Case Closed,High,2days 21Hours,2022,
614,11-Jan-20,January,North East Delhi,Murder,47,Accused Arrested,High,1days 23Hours,2020,
615,24-Sep-19,September,North East Delhi,Theft,113,Accused Arrested,Low,4days 17Hours,2019,
616,6-Mar-23,March,West Delhi,Cyber Crime,94,FIR Registered,Medium,3days 22Hours,2023,
617,21-Jul-22,July,West Delhi,Robbery,110,Accused Arrested,Medium,4days 14Hours,2022,
618,3-Jan-23,January,North West Delhi,Fraud,62,Case Closed,Medium,2days 14Hours,2023,
619,27-Oct-23,October,North East Delhi,Assault,116,Accused Arrested,Medium,4days 20Hours,2023,
620,6-Dec-21,December,North Delhi,Assault,69,Accused Arrested,Medium,2days 21Hours,2021,
621,11-Oct-19,October,East Delhi,Domestic Violence,76,Accused Arrested,Hight,3days 4Hours,2019,
622,11-Nov-22,November,North West Delhi,Robbery,16,FIR Registered,Medium,0days 16Hours,2022,
623,14-Mar-22,March,North Delhi,Cyber Crime,90,Under Investigation,Medium,3days 18Hours,2022,
624,2-Sep-19,September,North West Delhi,Robbery,90,Case Closed,Medium,3days 18Hours,2019,
625,6-Jul-21,July,South Delhi,Cyber Crime,48,FIR Registered,Medium,2days 0Hours,2021,
626,14-Aug-22,August,Central Delhi,Robbery,85,Under Investigation,Medium,3days 13Hours,2022,
627,10-May-21,May,South East Delhi,Assault,39,Accused Arrested,Medium,1days 15Hours,2021,
628,25-May-23,May,North East Delhi,Fraud,100,Case Closed,Medium,4days 4Hours,2023,
629,26-Mar-20,March,North Delhi,Domestic Violence,33,Case Closed,Hight,1days 9Hours,2020,
630,9-Jul-22,July,South East Delhi,Robbery,94,FIR Registered,Medium,3days 22Hours,2022,
631,14-Sep-23,September,North Delhi,Assault,101,FIR Registered,Medium,4days 5Hours,2023,
632,9-Jan-22,January,South Delhi,Fraud,23,FIR Registered,Medium,0days 23Hours,2022,
633,7-Feb-23,February,East Delhi,Theft,10,FIR Registered,Low,0days 10Hours,2023,
634,26-Jan-22,January,South East Delhi,Theft,118,Accused Arrested,Low,4days 22Hours,2022,
635,13-Feb-20,February,Central Delhi,Fraud,69,Accused Arrested,Medium,2days 21Hours,2020,
636,16-Sep-19,September,North Delhi,Fraud,100,Accused Arrested,Medium,4days 4Hours,2019,
637,29-Sep-22,September,East Delhi,Theft,34,Accused Arrested,Low,1days 10Hours,2022,
638,31-Dec-23,December,North West Delhi,Robbery,52,Case Closed,Medium,2days 4Hours,2023,
639,28-Nov-21,November,North Delhi,Cyber Crime,95,FIR Registered,Medium,3days 23Hours,2021,
640,22-Sep-21,September,North East Delhi,Robbery,10,Accused Arrested,Medium,0days 10Hours,2021,
641,11-Mar-23,March,West Delhi,Kidnapping,19,Under Investigation,High,0days 19Hours,2023,
642,4-Jun-22,June,West Delhi,Fraud,58,FIR Registered,Medium,2days 10Hours,2022,
643,16-Jul-21,July,West Delhi,Cyber Crime,96,Case Closed,Medium,4days 0Hours,2021,
644,11-Mar-22,March,North East Delhi,Domestic Violence,1,Under Investigation,Hight,0days 1Hours,2022,
645,5-Apr-19,April,Central Delhi,Cyber Crime,69,No Action,Medium,2days 21Hours,2019,
646,24-May-23,May,West Delhi,Robbery,109,Accused Arrested,Medium,4days 13Hours,2023,
647,27-Feb-19,February,North East Delhi,Assault,4,Accused Arrested,Medium,0days 4Hours,2019,
648,2-Jan-20,January,Central Delhi,Fraud,16,FIR Registered,Medium,0days 16Hours,2020,
649,6-Apr-19,April,North Delhi,Assault,24,FIR Registered,Medium,1days 0Hours,2019,
650,30-Aug-23,August,North East Delhi,Domestic Violence,80,FIR Registered,Hight,3days 8Hours,2023,
651,9-Jan-19,January,North Delhi,Murder,119,Accused Arrested,High,4days 23Hours,2019,
652,2-Oct-22,October,West Delhi,Kidnapping,2,Under Investigation,High,0days 2Hours,2022,
653,24-Jun-22,June,North West Delhi,Fraud,113,Case Closed,Medium,4days 17Hours,2022,
654,17-Oct-20,October,South Delhi,Kidnapping,92,Under Investigation,High,3days 20Hours,2020,
655,26-May-21,May,North Delhi,Theft,32,FIR Registered,Low,1days 8Hours,2021,
656,2-Jul-21,July,North West Delhi,Domestic Violence,91,Accused Arrested,Hight,3days 19Hours,2021,
657,7-Nov-19,November,South Delhi,Cyber Crime,84,FIR Registered,Medium,3days 12Hours,2019,
658,26-Aug-19,August,North East Delhi,Fraud,24,FIR Registered,Medium,1days 0Hours,2019,
659,25-Aug-19,August,North West Delhi,Fraud,12,Under Investigation,Medium,0days 12Hours,2019,
660,20-Apr-21,April,North East Delhi,Theft,50,Accused Arrested,Low,2days 2Hours,2021,
661,8-Jan-23,January,North West Delhi,Robbery,35,Case Closed,Medium,1days 11Hours,2023,
662,29-Apr-22,April,North West Delhi,Assault,33,Under Investigation,Medium,1days 9Hours,2022,
663,8-Mar-21,March,East Delhi,Cyber Crime,33,FIR Registered,Medium,1days 9Hours,2021,
664,11-Nov-20,November,East Delhi,Murder,61,Under Investigation,High,2days 13Hours,2020,
665,17-Sep-20,September,North Delhi,Theft,51,Under Investigation,Low,2days 3Hours,2020,
666,23-Jan-22,January,South East Delhi,Domestic Violence,43,Case Closed,Hight,1days 19Hours,2022,
667,22-Mar-19,March,Central Delhi,Cyber Crime,101,Case Closed,Medium,4days 5Hours,2019,
668,2-Aug-22,August,Central Delhi,Cyber Crime,12,FIR Registered,Medium,0days 12Hours,2022,
669,5-Feb-23,February,East Delhi,Theft,67,Accused Arrested,Low,2days 19Hours,2023,
670,6-Nov-19,November,South Delhi,Assault,65,Accused Arrested,Medium,2days 17Hours,2019,
671,14-Jul-22,July,South East Delhi,Cyber Crime,33,Accused Arrested,Medium,1days 9Hours,2022,
672,25-Jun-22,June,East Delhi,Domestic Violence,40,Accused Arrested,Hight,1days 16Hours,2022,
673,9-Feb-21,February,North Delhi,Murder,74,Case Closed,High,3days 2Hours,2021,
674,20-Feb-20,February,Central Delhi,Kidnapping,43,Under Investigation,High,1days 19Hours,2020,
675,29-Oct-19,October,North Delhi,Fraud,44,Accused Arrested,Medium,1days 20Hours,2019,
676,6-May-21,May,Central Delhi,Theft,29,Under Investigation,Low,1days 5Hours,2021,
677,13-Jun-23,June,North West Delhi,Cyber Crime,13,Case Closed,Medium,0days 13Hours,2023,
678,31-Dec-20,December,North Delhi,Kidnapping,12,Accused Arrested,High,0days 12Hours,2020,
679,3-Dec-19,December,East Delhi,Robbery,95,Case Closed,Medium,3days 23Hours,2019,
680,19-Oct-21,October,South East Delhi,Murder,46,FIR Registered,High,1days 22Hours,2021,
681,7-Jan-20,January,North West Delhi,Domestic Violence,2,Case Closed,Hight,0days 2Hours,2020,
682,2-Nov-21,November,North East Delhi,Kidnapping,115,No Action,High,4days 19Hours,2021,
683,17-Sep-20,September,Central Delhi,Theft,114,FIR Registered,Low,4days 18Hours,2020,
684,4-Oct-23,October,South East Delhi,Assault,35,FIR Registered,Medium,1days 11Hours,2023,
685,29-Aug-19,August,East Delhi,Kidnapping,87,Under Investigation,High,3days 15Hours,2019,
686,13-Feb-21,February,North West Delhi,Kidnapping,81,Under Investigation,High,3days 9Hours,2021,
687,23-Dec-22,December,North Delhi,Murder,90,FIR Registered,High,3days 18Hours,2022,
688,29-Jan-22,January,Central Delhi,Assault,8,Case Closed,Medium,0days 8Hours,2022,
689,7-May-21,May,South Delhi,Theft,93,Accused Arrested,Low,3days 21Hours,2021,
690,5-Nov-19,November,North East Delhi,Fraud,26,Under Investigation,Medium,1days 2Hours,2019,
691,29-Oct-21,October,Central Delhi,Cyber Crime,74,Accused Arrested,Medium,3days 2Hours,2021,
692,20-Nov-20,November,North East Delhi,Robbery,90,Under Investigation,Medium,3days 18Hours,2020,
693,22-Jun-19,June,North East Delhi,Kidnapping,34,Under Investigation,High,1days 10Hours,2019,
694,2-Dec-20,December,Central Delhi,Cyber Crime,115,FIR Registered,Medium,4days 19Hours,2020,
695,16-Apr-19,April,North Delhi,Robbery,105,Under Investigation,Medium,4days 9Hours,2019,
696,1-Jul-21,July,North East Delhi,Murder,7,Accused Arrested,High,0days 7Hours,2021,
697,5-Mar-22,March,South Delhi,Murder,68,No Action,High,2days 20Hours,2022,
698,7-Jul-19,July,East Delhi,Assault,58,Case Closed,Medium,2days 10Hours,2019,
699,5-Jul-20,July,North East Delhi,Robbery,117,No Action,Medium,4days 21Hours,2020,
700,14-Apr-23,April,South East Delhi,Cyber Crime,114,Accused Arrested,Medium,4days 18Hours,2023,
701,11-Sep-23,September,Central Delhi,Theft,109,FIR Registered,Low,4days 13Hours,2023,
702,18-Jul-22,July,East Delhi,Assault,75,No Action,Medium,3days 3Hours,2022,
703,25-Sep-19,September,Central Delhi,Assault,29,FIR Registered,Medium,1days 5Hours,2019,
704,27-May-22,May,Central Delhi,Murder,36,Case Closed,High,1days 12Hours,2022,
705,29-Jan-21,January,Central Delhi,Domestic Violence,89,Under Investigation,Hight,3days 17Hours,2021,
706,17-Sep-19,September,East Delhi,Theft,21,FIR Registered,Low,0days 21Hours,2019,
707,16-Dec-23,December,North Delhi,Domestic Violence,36,Accused Arrested,Hight,1days 12Hours,2023,
708,25-Jan-19,January,South Delhi,Cyber Crime,10,Under Investigation,Medium,0days 10Hours,2019,
709,29-Nov-19,November,North East Delhi,Assault,101,FIR Registered,Medium,4days 5Hours,2019,
710,3-Jul-20,July,South East Delhi,Cyber Crime,73,Under Investigation,Medium,3days 1Hours,2020,
711,18-Nov-19,November,Central Delhi,Robbery,24,Under Investigation,Medium,1days 0Hours,2019,
712,10-Jan-21,January,North West Delhi,Domestic Violence,64,FIR Registered,Hight,2days 16Hours,2021,
713,20-Apr-19,April,South Delhi,Fraud,99,Accused Arrested,Medium,4days 3Hours,2019,
714,2-May-22,May,Central Delhi,Murder,49,Under Investigation,High,2days 1Hours,2022,
715,16-Apr-22,April,North East Delhi,Robbery,99,Case Closed,Medium,4days 3Hours,2022,
716,11-Jul-19,July,North West Delhi,Murder,112,Accused Arrested,High,4days 16Hours,2019,
717,6-Oct-23,October,North West Delhi,Cyber Crime,36,FIR Registered,Medium,1days 12Hours,2023,
718,29-Jul-22,July,North West Delhi,Kidnapping,82,Accused Arrested,High,3days 10Hours,2022,
719,25-Dec-21,December,Central Delhi,Domestic Violence,113,Under Investigation,Hight,4days 17Hours,2021,
720,23-Mar-21,March,North Delhi,Assault,103,Case Closed,Medium,4days 7Hours,2021,
721,14-Nov-20,November,North East Delhi,Kidnapping,96,Under Investigation,High,4days 0Hours,2020,
722,23-Aug-21,August,Central Delhi,Murder,24,Accused Arrested,High,1days 0Hours,2021,
723,12-Oct-22,October,West Delhi,Murder,23,Accused Arrested,High,0days 23Hours,2022,
724,6-Feb-20,February,North East Delhi,Kidnapping,62,FIR Registered,High,2days 14Hours,2020,
725,11-Jan-19,January,East Delhi,Domestic Violence,96,Under Investigation,Hight,4days 0Hours,2019,
726,23-Apr-22,April,Central Delhi,Domestic Violence,37,Under Investigation,Hight,1days 13Hours,2022,
727,11-May-22,May,North Delhi,Robbery,12,Under Investigation,Medium,0days 12Hours,2022,
728,20-Feb-23,February,West Delhi,Robbery,113,Accused Arrested,Medium,4days 17Hours,2023,
729,20-Jan-19,January,North Delhi,Assault,55,Under Investigation,Medium,2days 7Hours,2019,
730,14-Aug-19,August,North West Delhi,Fraud,13,FIR Registered,Medium,0days 13Hours,2019,
731,16-Sep-23,September,South Delhi,Fraud,23,FIR Registered,Medium,0days 23Hours,2023,
732,16-May-21,May,North East Delhi,Cyber Crime,89,Accused Arrested,Medium,3days 17Hours,2021,
733,23-Mar-20,March,West Delhi,Fraud,99,FIR Registered,Medium,4days 3Hours,2020,
734,21-May-19,May,West Delhi,Fraud,105,No Action,Medium,4days 9Hours,2019,
735,19-Jun-19,June,North West Delhi,Cyber Crime,30,Under Investigation,Medium,1days 6Hours,2019,
736,16-Dec-20,December,South East Delhi,Assault,17,Case Closed,Medium,0days 17Hours,2020,
737,6-Feb-22,February,North Delhi,Kidnapping,113,Under Investigation,High,4days 17Hours,2022,
738,21-Oct-22,October,North West Delhi,Murder,62,Accused Arrested,High,2days 14Hours,2022,
739,15-Dec-19,December,North East Delhi,Murder,84,FIR Registered,High,3days 12Hours,2019,
740,25-Apr-20,April,West Delhi,Theft,112,Under Investigation,Low,4days 16Hours,2020,
741,20-May-22,May,North Delhi,Theft,89,FIR Registered,Low,3days 17Hours,2022,
742,29-Mar-23,March,South Delhi,Robbery,86,FIR Registered,Medium,3days 14Hours,2023,
743,25-Feb-19,February,North West Delhi,Cyber Crime,13,Case Closed,Medium,0days 13Hours,2019,
744,19-Dec-22,December,North Delhi,Theft,59,Accused Arrested,Low,2days 11Hours,2022,
745,3-Dec-20,December,North Delhi,Kidnapping,19,FIR Registered,High,0days 19Hours,2020,
746,30-Dec-19,December,West Delhi,Theft,49,FIR Registered,Low,2days 1Hours,2019,
747,26-Jan-22,January,North West Delhi,Domestic Violence,100,No Action,Hight,4days 4Hours,2022,
748,18-Jun-21,June,North Delhi,Cyber Crime,12,Case Closed,Medium,0days 12Hours,2021,
749,3-Aug-21,August,North West Delhi,Domestic Violence,61,Under Investigation,Hight,2days 13Hours,2021,
750,12-Sep-22,September,North West Delhi,Theft,105,Under Investigation,Low,4days 9Hours,2022,
751,23-Nov-19,November,West Delhi,Robbery,19,FIR Registered,Medium,0days 19Hours,2019,
752,13-Mar-23,March,South East Delhi,Cyber Crime,76,FIR Registered,Medium,3days 4Hours,2023,
753,12-Apr-19,April,North Delhi,Assault,9,Under Investigation,Medium,0days 9Hours,2019,
754,28-Sep-21,September,Central Delhi,Kidnapping,71,Accused Arrested,High,2days 23Hours,2021,
755,16-Dec-22,December,Central Delhi,Kidnapping,28,Under Investigation,High,1days 4Hours,2022,
756,5-Jun-20,June,West Delhi,Domestic Violence,78,FIR Registered,Hight,3days 6Hours,2020,
757,31-May-23,May,North Delhi,Fraud,95,Under Investigation,Medium,3days 23Hours,2023,
758,20-Jul-22,July,South East Delhi,Domestic Violence,52,FIR Registered,Hight,2days 4Hours,2022,
759,18-Jan-20,January,East Delhi,Cyber Crime,83,Case Closed,Medium,3days 11Hours,2020,
760,16-Mar-21,March,North East Delhi,Cyber Crime,111,Under Investigation,Medium,4days 15Hours,2021,
761,5-Dec-23,December,Central Delhi,Murder,16,Under Investigation,High,0days 16Hours,2023,
762,4-Jan-23,January,South East Delhi,Assault,117,Under Investigation,Medium,4days 21Hours,2023,
763,6-May-23,May,South East Delhi,Robbery,69,FIR Registered,Medium,2days 21Hours,2023,
764,28-Jul-19,July,Central Delhi,Robbery,99,Case Closed,Medium,4days 3Hours,2019,
765,11-Oct-22,October,East Delhi,Fraud,12,FIR Registered,Medium,0days 12Hours,2022,
766,28-Oct-23,October,North West Delhi,Murder,25,FIR Registered,High,1days 1Hours,2023,
767,7-Jan-20,January,North Delhi,Assault,52,FIR Registered,Medium,2days 4Hours,2020,
768,16-Oct-20,October,North East Delhi,Domestic Violence,85,Under Investigation,Hight,3days 13Hours,2020,
769,8-Feb-19,February,North West Delhi,Domestic Violence,100,Accused Arrested,Hight,4days 4Hours,2019,
770,9-Jun-19,June,East Delhi,Assault,53,Under Investigation,Medium,2days 5Hours,2019,
771,10-Jul-20,July,North East Delhi,Fraud,23,Under Investigation,Medium,0days 23Hours,2020,
772,7-Aug-20,August,North Delhi,Cyber Crime,16,Under Investigation,Medium,0days 16Hours,2020,
773,8-Dec-19,December,North Delhi,Theft,57,Accused Arrested,Low,2days 9Hours,2019,
774,9-Sep-21,September,Central Delhi,Theft,39,Accused Arrested,Low,1days 15Hours,2021,
775,13-Jul-20,July,West Delhi,Robbery,109,Accused Arrested,Medium,4days 13Hours,2020,
776,28-Feb-20,February,South Delhi,Assault,53,Case Closed,Medium,2days 5Hours,2020,
777,22-Feb-20,February,Central Delhi,Domestic Violence,42,No Action,Hight,1days 18Hours,2020,
778,27-Nov-19,November,East Delhi,Assault,58,FIR Registered,Medium,2days 10Hours,2019,
779,30-Mar-20,March,North East Delhi,Domestic Violence,39,Case Closed,Hight,1days 15Hours,2020,
780,30-Jun-22,June,North Delhi,Murder,14,Accused Arrested,High,0days 14Hours,2022,
781,4-Jan-20,January,North East Delhi,Domestic Violence,95,Under Investigation,Hight,3days 23Hours,2020,
782,29-Dec-20,December,East Delhi,Theft,5,Case Closed,Low,0days 5Hours,2020,
783,20-Nov-19,November,North East Delhi,Assault,35,Under Investigation,Medium,1days 11Hours,2019,
784,27-Oct-22,October,East Delhi,Kidnapping,87,No Action,High,3days 15Hours,2022,
785,6-Feb-22,February,West Delhi,Robbery,93,No Action,Medium,3days 21Hours,2022,
786,17-Nov-21,November,South Delhi,Robbery,107,FIR Registered,Medium,4days 11Hours,2021,
787,10-Apr-20,April,Central Delhi,Kidnapping,75,Accused Arrested,High,3days 3Hours,2020,
788,11-Feb-21,February,Central Delhi,Cyber Crime,18,Case Closed,Medium,0days 18Hours,2021,
789,20-Sep-21,September,North West Delhi,Cyber Crime,111,Accused Arrested,Medium,4days 15Hours,2021,
790,11-Aug-21,August,North Delhi,Theft,76,Accused Arrested,Low,3days 4Hours,2021,
791,24-Dec-20,December,West Delhi,Fraud,9,Under Investigation,Medium,0days 9Hours,2020,
792,11-Sep-19,September,North West Delhi,Murder,74,Accused Arrested,High,3days 2Hours,2019,
793,17-Apr-19,April,North Delhi,Cyber Crime,58,Accused Arrested,Medium,2days 10Hours,2019,
794,24-Jan-22,January,West Delhi,Theft,108,Under Investigation,Low,4days 12Hours,2022,
795,30-Dec-19,December,North East Delhi,Kidnapping,17,Accused Arrested,High,0days 17Hours,2019,
796,6-Sep-19,September,North West Delhi,Murder,102,Accused Arrested,High,4days 6Hours,2019,
797,17-Oct-22,October,South Delhi,Domestic Violence,7,Accused Arrested,Hight,0days 7Hours,2022,
798,2-Jun-22,June,South Delhi,Assault,46,Under Investigation,Medium,1days 22Hours,2022,
799,25-Jun-23,June,South Delhi,Fraud,13,FIR Registered,Medium,0days 13Hours,2023,
800,8-Nov-22,November,South Delhi,Domestic Violence,40,FIR Registered,Hight,1days 16Hours,2022,
801,12-Nov-22,November,North West Delhi,Cyber Crime,42,Under Investigation,Medium,1days 18Hours,2022,
802,13-Aug-23,August,South East Delhi,Cyber Crime,9,Accused Arrested,Medium,0days 9Hours,2023,
803,25-Jan-23,January,North East Delhi,Robbery,50,FIR Registered,Medium,2days 2Hours,2023,
804,11-Dec-20,December,Central Delhi,Domestic Violence,27,Case Closed,Hight,1days 3Hours,2020,
805,23-Jan-20,January,West Delhi,Murder,66,Accused Arrested,High,2days 18Hours,2020,
806,12-May-22,May,East Delhi,Robbery,5,Accused Arrested,Medium,0days 5Hours,2022,
807,31-Jul-22,July,West Delhi,Murder,29,Case Closed,High,1days 5Hours,2022,
808,18-May-19,May,South Delhi,Fraud,37,No Action,Medium,1days 13Hours,2019,
809,17-Jan-22,January,South Delhi,Assault,38,Under Investigation,Medium,1days 14Hours,2022,
810,3-Jul-23,July,South East Delhi,Domestic Violence,83,Accused Arrested,Hight,3days 11Hours,2023,
811,14-May-20,May,West Delhi,Cyber Crime,8,FIR Registered,Medium,0days 8Hours,2020,
812,1-Dec-21,December,Central Delhi,Robbery,112,Case Closed,Medium,4days 16Hours,2021,
813,16-Mar-21,March,South East Delhi,Kidnapping,109,Accused Arrested,High,4days 13Hours,2021,
814,3-Jul-19,July,West Delhi,Kidnapping,65,FIR Registered,High,2days 17Hours,2019,
815,12-Oct-19,October,North Delhi,Domestic Violence,86,Accused Arrested,Hight,3days 14Hours,2019,
816,23-May-21,May,North East Delhi,Cyber Crime,116,FIR Registered,Medium,4days 20Hours,2021,
817,6-Mar-20,March,Central Delhi,Domestic Violence,17,Case Closed,Hight,0days 17Hours,2020,
818,18-May-19,May,North West Delhi,Domestic Violence,71,Case Closed,Hight,2days 23Hours,2019,
819,25-Aug-19,August,South East Delhi,Robbery,89,No Action,Medium,3days 17Hours,2019,
820,1-Dec-19,December,North East Delhi,Robbery,45,Case Closed,Medium,1days 21Hours,2019,
821,23-May-22,May,South East Delhi,Assault,4,Under Investigation,Medium,0days 4Hours,2022,
822,12-Apr-20,April,Central Delhi,Kidnapping,36,Under Investigation,High,1days 12Hours,2020,
823,14-Feb-23,February,Central Delhi,Murder,70,FIR Registered,High,2days 22Hours,2023,
824,30-Jul-21,July,South Delhi,Cyber Crime,31,Under Investigation,Medium,1days 7Hours,2021,
825,31-Mar-19,March,East Delhi,Kidnapping,19,FIR Registered,High,0days 19Hours,2019,
826,12-Dec-22,December,North Delhi,Domestic Violence,61,Under Investigation,Hight,2days 13Hours,2022,
827,10-Mar-20,March,West Delhi,Assault,108,Accused Arrested,Medium,4days 12Hours,2020,
828,21-Sep-20,September,South Delhi,Robbery,54,Case Closed,Medium,2days 6Hours,2020,
829,9-Apr-22,April,South Delhi,Robbery,39,Case Closed,Medium,1days 15Hours,2022,
830,17-Apr-21,April,North Delhi,Assault,91,FIR Registered,Medium,3days 19Hours,2021,
831,13-Oct-22,October,South East Delhi,Kidnapping,74,Accused Arrested,High,3days 2Hours,2022,
832,29-Oct-19,October,South Delhi,Assault,90,FIR Registered,Medium,3days 18Hours,2019,
833,17-Jul-22,July,North Delhi,Domestic Violence,19,Accused Arrested,Hight,0days 19Hours,2022,
834,6-Dec-19,December,North West Delhi,Kidnapping,39,Case Closed,High,1days 15Hours,2019,
835,20-Oct-20,October,East Delhi,Domestic Violence,67,No Action,Hight,2days 19Hours,2020,
836,17-Sep-19,September,North Delhi,Murder,45,Case Closed,High,1days 21Hours,2019,
837,28-Jan-21,January,Central Delhi,Robbery,13,Accused Arrested,Medium,0days 13Hours,2021,
838,11-Sep-23,September,West Delhi,Assault,114,No Action,Medium,4days 18Hours,2023,
839,9-Jun-19,June,North West Delhi,Assault,92,Accused Arrested,Medium,3days 20Hours,2019,
840,14-Nov-21,November,South East Delhi,Domestic Violence,58,Under Investigation,Hight,2days 10Hours,2021,
841,15-Jul-23,July,North Delhi,Fraud,20,FIR Registered,Medium,0days 20Hours,2023,
842,1-May-21,May,South East Delhi,Fraud,92,Under Investigation,Medium,3days 20Hours,2021,
843,15-Dec-23,December,East Delhi,Assault,72,Accused Arrested,Medium,3days 0Hours,2023,
844,12-Jul-23,July,Central Delhi,Theft,61,Under Investigation,Low,2days 13Hours,2023,
845,26-Jul-20,July,North East Delhi,Robbery,105,Under Investigation,Medium,4days 9Hours,2020,
846,9-Jun-22,June,North Delhi,Assault,39,Case Closed,Medium,1days 15Hours,2022,
847,28-Mar-22,March,Central Delhi,Robbery,1,Under Investigation,Medium,0days 1Hours,2022,
848,4-Jul-20,July,North Delhi,Domestic Violence,3,FIR Registered,Hight,0days 3Hours,2020,
849,22-Dec-23,December,North Delhi,Cyber Crime,77,Case Closed,Medium,3days 5Hours,2023,
850,27-Mar-23,March,South East Delhi,Fraud,92,Case Closed,Medium,3days 20Hours,2023,
851,20-Nov-21,November,Central Delhi,Theft,62,Accused Arrested,Low,2days 14Hours,2021,
852,24-Feb-21,February,North Delhi,Kidnapping,63,FIR Registered,High,2days 15Hours,2021,
853,17-Sep-21,September,North Delhi,Robbery,113,Case Closed,Medium,4days 17Hours,2021,
854,6-Jan-22,January,North East Delhi,Domestic Violence,25,Under Investigation,Hight,1days 1Hours,2022,
855,19-Sep-22,September,North Delhi,Assault,56,Accused Arrested,Medium,2days 8Hours,2022,
856,2-Mar-19,March,North West Delhi,Fraud,33,Accused Arrested,Medium,1days 9Hours,2019,
857,13-Jun-19,June,South Delhi,Robbery,38,Under Investigation,Medium,1days 14Hours,2019,
858,23-Jan-20,January,North Delhi,Domestic Violence,117,Under Investigation,Hight,4days 21Hours,2020,
859,27-Dec-23,December,North East Delhi,Domestic Violence,6,Accused Arrested,Hight,0days 6Hours,2023,
860,27-Dec-21,December,North Delhi,Fraud,58,Under Investigation,Medium,2days 10Hours,2021,
861,6-Jan-19,January,Central Delhi,Assault,44,FIR Registered,Medium,1days 20Hours,2019,
862,13-Feb-20,February,North East Delhi,Cyber Crime,45,Accused Arrested,Medium,1days 21Hours,2020,
863,24-Sep-19,September,Central Delhi,Kidnapping,32,Case Closed,High,1days 8Hours,2019,
864,27-Mar-19,March,South Delhi,Theft,45,Accused Arrested,Low,1days 21Hours,2019,
865,4-Jan-21,January,North West Delhi,Assault,61,FIR Registered,Medium,2days 13Hours,2021,
866,17-Feb-22,February,Central Delhi,Murder,47,Accused Arrested,High,1days 23Hours,2022,
867,17-Dec-20,December,South East Delhi,Robbery,21,Case Closed,Medium,0days 21Hours,2020,
868,14-Nov-23,November,North Delhi,Robbery,80,FIR Registered,Medium,3days 8Hours,2023,
869,4-Jul-23,July,South Delhi,Cyber Crime,118,Case Closed,Medium,4days 22Hours,2023,
870,9-Aug-23,August,North West Delhi,Robbery,85,Under Investigation,Medium,3days 13Hours,2023,
871,18-Nov-22,November,Central Delhi,Murder,75,FIR Registered,High,3days 3Hours,2022,
872,13-Aug-19,August,North East Delhi,Fraud,101,Accused Arrested,Medium,4days 5Hours,2019,
873,12-Aug-21,August,South East Delhi,Theft,36,FIR Registered,Low,1days 12Hours,2021,
874,3-Feb-19,February,South Delhi,Domestic Violence,99,FIR Registered,Hight,4days 3Hours,2019,
875,26-Jan-21,January,East Delhi,Cyber Crime,19,Case Closed,Medium,0days 19Hours,2021,
876,28-Jun-19,June,East Delhi,Robbery,20,Accused Arrested,Medium,0days 20Hours,2019,
877,17-Apr-19,April,East Delhi,Cyber Crime,57,Under Investigation,Medium,2days 9Hours,2019,
878,28-May-22,May,North West Delhi,Kidnapping,18,Under Investigation,High,0days 18Hours,2022,
879,15-Nov-22,November,South East Delhi,Assault,47,No Action,Medium,1days 23Hours,2022,
880,28-Feb-20,February,South East Delhi,Domestic Violence,105,FIR Registered,Hight,4days 9Hours,2020,
881,9-Dec-23,December,South East Delhi,Theft,49,Accused Arrested,Low,2days 1Hours,2023,
882,3-Jul-19,July,North West Delhi,Cyber Crime,14,Accused Arrested,Medium,0days 14Hours,2019,
883,5-May-23,May,West Delhi,Theft,15,Under Investigation,Low,0days 15Hours,2023,
884,8-Dec-20,December,South East Delhi,Domestic Violence,31,Under Investigation,Hight,1days 7Hours,2020,
885,14-Sep-19,September,North Delhi,Robbery,1,No Action,Medium,0days 1Hours,2019,
886,4-Mar-21,March,South Delhi,Murder,117,FIR Registered,High,4days 21Hours,2021,
887,7-Mar-20,March,North Delhi,Kidnapping,54,Accused Arrested,High,2days 6Hours,2020,
888,24-Mar-19,March,North Delhi,Domestic Violence,118,Under Investigation,Hight,4days 22Hours,2019,
889,19-Feb-19,February,South Delhi,Assault,3,Accused Arrested,Medium,0days 3Hours,2019,
890,27-Nov-21,November,East Delhi,Domestic Violence,16,Case Closed,Hight,0days 16Hours,2021,
891,28-Feb-23,February,South East Delhi,Assault,87,Accused Arrested,Medium,3days 15Hours,2023,
892,6-Jul-19,July,Central Delhi,Fraud,57,Under Investigation,Medium,2days 9Hours,2019,
893,25-Jan-19,January,North East Delhi,Assault,75,Under Investigation,Medium,3days 3Hours,2019,
894,21-Jun-21,June,East Delhi,Assault,12,FIR Registered,Medium,0days 12Hours,2021,
895,8-Nov-23,November,North East Delhi,Theft,74,No Action,Low,3days 2Hours,2023,
896,11-Dec-19,December,South Delhi,Assault,96,Under Investigation,Medium,4days 0Hours,2019,
897,31-Dec-19,December,North West Delhi,Assault,16,FIR Registered,Medium,0days 16Hours,2019,
898,19-Dec-21,December,South East Delhi,Domestic Violence,72,FIR Registered,Hight,3days 0Hours,2021,
899,29-Mar-20,March,West Delhi,Assault,102,FIR Registered,Medium,4days 6Hours,2020,
900,7-Jan-19,January,West Delhi,Robbery,76,Accused Arrested,Medium,3days 4Hours,2019,
901,1-Oct-22,October,South Delhi,Domestic Violence,24,Under Investigation,Hight,1days 0Hours,2022,
902,14-Dec-20,December,South East Delhi,Kidnapping,28,FIR Registered,High,1days 4Hours,2020,
903,3-Dec-19,December,North East Delhi,Robbery,117,FIR Registered,Medium,4days 21Hours,2019,
904,8-Oct-20,October,North East Delhi,Fraud,8,Accused Arrested,Medium,0days 8Hours,2020,
905,16-Feb-21,February,North West Delhi,Kidnapping,92,FIR Registered,High,3days 20Hours,2021,
906,15-Sep-19,September,Central Delhi,Robbery,36,Under Investigation,Medium,1days 12Hours,2019,
907,7-Oct-19,October,North Delhi,Theft,90,Under Investigation,Low,3days 18Hours,2019,
908,2-Jun-23,June,South East Delhi,Domestic Violence,8,Under Investigation,Hight,0days 8Hours,2023,
909,7-Feb-21,February,South Delhi,Robbery,58,FIR Registered,Medium,2days 10Hours,2021,
910,26-Oct-22,October,East Delhi,Domestic Violence,60,Case Closed,Hight,2days 12Hours,2022,
911,12-Jun-23,June,South East Delhi,Assault,50,Accused Arrested,Medium,2days 2Hours,2023,
912,7-Jun-20,June,North East Delhi,Kidnapping,28,FIR Registered,High,1days 4Hours,2020,
913,11-Jan-22,January,West Delhi,Domestic Violence,92,Accused Arrested,Hight,3days 20Hours,2022,
914,15-May-19,May,North West Delhi,Robbery,101,No Action,Medium,4days 5Hours,2019,
915,2-Oct-20,October,South Delhi,Cyber Crime,41,Case Closed,Medium,1days 17Hours,2020,
916,15-Jan-20,January,Central Delhi,Fraud,100,Under Investigation,Medium,4days 4Hours,2020,
917,29-Apr-20,April,North Delhi,Domestic Violence,64,Under Investigation,Hight,2days 16Hours,2020,
918,4-Jun-23,June,North East Delhi,Kidnapping,27,Case Closed,High,1days 3Hours,2023,
919,11-Jun-21,June,South East Delhi,Fraud,118,FIR Registered,Medium,4days 22Hours,2021,
920,20-Dec-19,December,South East Delhi,Assault,63,Accused Arrested,Medium,2days 15Hours,2019,
921,20-Oct-23,October,Central Delhi,Domestic Violence,17,Accused Arrested,Hight,0days 17Hours,2023,
922,31-Jan-20,January,East Delhi,Robbery,73,FIR Registered,Medium,3days 1Hours,2020,
923,14-Feb-21,February,East Delhi,Cyber Crime,33,Case Closed,Medium,1days 9Hours,2021,
924,12-Feb-23,February,North Delhi,Theft,117,FIR Registered,Low,4days 21Hours,2023,
925,24-Jun-23,June,North East Delhi,Assault,84,FIR Registered,Medium,3days 12Hours,2023,
926,28-Jul-23,July,North East Delhi,Murder,77,FIR Registered,High,3days 5Hours,2023,
927,17-Oct-20,October,East Delhi,Fraud,92,Accused Arrested,Medium,3days 20Hours,2020,
928,6-Jul-22,July,Central Delhi,Cyber Crime,112,Under Investigation,Medium,4days 16Hours,2022,
929,6-Oct-22,October,North West Delhi,Robbery,29,Under Investigation,Medium,1days 5Hours,2022,
930,18-May-22,May,East Delhi,Assault,13,Under Investigation,Medium,0days 13Hours,2022,
931,4-Jun-21,June,North East Delhi,Fraud,46,Under Investigation,Medium,1days 22Hours,2021,
932,15-Nov-19,November,North Delhi,Theft,35,Under Investigation,Low,1days 11Hours,2019,
933,30-Sep-20,September,South East Delhi,Cyber Crime,6,Accused Arrested,Medium,0days 6Hours,2020,
934,2-Jul-23,July,North East Delhi,Kidnapping,82,FIR Registered,High,3days 10Hours,2023,
935,10-Aug-23,August,North Delhi,Assault,115,Under Investigation,Medium,4days 19Hours,2023,
936,4-Jul-23,July,East Delhi,Cyber Crime,69,FIR Registered,Medium,2days 21Hours,2023,
937,20-Jul-21,July,South Delhi,Fraud,47,Under Investigation,Medium,1days 23Hours,2021,
938,22-Sep-19,September,East Delhi,Theft,25,Under Investigation,Low,1days 1Hours,2019,
939,28-Jan-20,January,Central Delhi,Domestic Violence,66,FIR Registered,Hight,2days 18Hours,2020,
940,18-Apr-19,April,South East Delhi,Domestic Violence,10,Under Investigation,Hight,0days 10Hours,2019,
941,1-Feb-20,February,North Delhi,Murder,56,FIR Registered,High,2days 8Hours,2020,
942,30-Dec-23,December,South East Delhi,Kidnapping,30,FIR Registered,High,1days 6Hours,2023,
943,10-Feb-21,February,North West Delhi,Assault,114,Accused Arrested,Medium,4days 18Hours,2021,
944,6-Dec-19,December,Central Delhi,Domestic Violence,109,Accused Arrested,Hight,4days 13Hours,2019,
945,24-Oct-21,October,North East Delhi,Murder,5,Under Investigation,High,0days 5Hours,2021,
946,10-Jul-21,July,Central Delhi,Cyber Crime,119,Under Investigation,Medium,4days 23Hours,2021,
947,31-Mar-22,March,North East Delhi,Kidnapping,33,Accused Arrested,High,1days 9Hours,2022,
948,23-Feb-19,February,East Delhi,Domestic Violence,118,Accused Arrested,Hight,4days 22Hours,2019,
949,7-Dec-23,December,Central Delhi,Robbery,65,Under Investigation,Medium,2days 17Hours,2023,
950,15-May-22,May,North West Delhi,Cyber Crime,18,FIR Registered,Medium,0days 18Hours,2022,
951,4-Jun-20,June,South Delhi,Domestic Violence,96,Under Investigation,Hight,4days 0Hours,2020,
952,27-Mar-23,March,North Delhi,Assault,111,FIR Registered,Medium,4days 15Hours,2023,
953,16-Apr-19,April,North West Delhi,Theft,49,Case Closed,Low,2days 1Hours,2019,
954,13-Feb-21,February,South East Delhi,Murder,11,Accused Arrested,High,0days 11Hours,2021,
955,16-Jan-19,January,West Delhi,Kidnapping,85,FIR Registered,High,3days 13Hours,2019,
956,5-Jun-20,June,North Delhi,Murder,26,No Action,High,1days 2Hours,2020,
957,9-Mar-19,March,West Delhi,Domestic Violence,63,Accused Arrested,Hight,2days 15Hours,2019,
958,12-Dec-22,December,North Delhi,Assault,89,Under Investigation,Medium,3days 17Hours,2022,
959,25-Mar-22,March,North West Delhi,Theft,86,Under Investigation,Low,3days 14Hours,2022,
960,1-May-21,May,Central Delhi,Murder,59,No Action,High,2days 11Hours,2021,
961,11-Jan-21,January,North East Delhi,Robbery,27,FIR Registered,Medium,1days 3Hours,2021,
962,26-Mar-21,March,West Delhi,Robbery,49,Accused Arrested,Medium,2days 1Hours,2021,
963,19-Jun-21,June,South East Delhi,Robbery,77,Accused Arrested,Medium,3days 5Hours,2021,
964,10-Jul-21,July,South Delhi,Kidnapping,33,Case Closed,High,1days 9Hours,2021,
965,12-Sep-21,September,Central Delhi,Robbery,98,Under Investigation,Medium,4days 2Hours,2021,
966,9-Dec-23,December,West Delhi,Domestic Violence,105,Accused Arrested,Hight,4days 9Hours,2023,
967,30-Aug-22,August,South Delhi,Assault,99,Case Closed,Medium,4days 3Hours,2022,
968,25-Aug-23,August,North Delhi,Cyber Crime,1,Under Investigation,Medium,0days 1Hours,2023,
969,29-Feb-20,February,North East Delhi,Murder,21,Under Investigation,High,0days 21Hours,2020,
970,14-Apr-23,April,North Delhi,Robbery,112,FIR Registered,Medium,4days 16Hours,2023,
971,20-Dec-22,December,East Delhi,Fraud,55,Case Closed,Medium,2days 7Hours,2022,
972,27-Mar-20,March,East Delhi,Cyber Crime,6,Accused Arrested,Medium,0days 6Hours,2020,
973,20-Dec-20,December,North West Delhi,Fraud,92,FIR Registered,Medium,3days 20Hours,2020,
974,14-Nov-23,November,North West Delhi,Assault,81,FIR Registered,Medium,3days 9Hours,2023,
975,26-Nov-19,November,North East Delhi,Domestic Violence,69,Case Closed,Hight,2days 21Hours,2019,
976,30-Nov-23,November,East Delhi,Theft,95,FIR Registered,Low,3days 23Hours,2023,
977,26-Jan-23,January,North East Delhi,Assault,5,FIR Registered,Medium,0days 5Hours,2023,
978,20-Sep-19,September,North East Delhi,Domestic Violence,102,Accused Arrested,Hight,4days 6Hours,2019,
979,13-Jul-20,July,West Delhi,Theft,3,Case Closed,Low,0days 3Hours,2020,
980,20-Jul-23,July,Central Delhi,Murder,53,FIR Registered,High,2days 5Hours,2023,
981,12-Apr-23,April,North East Delhi,Robbery,23,No Action,Medium,0days 23Hours,2023,
982,5-May-21,May,East Delhi,Kidnapping,101,Under Investigation,High,4days 5Hours,2021,
983,14-Oct-20,October,South Delhi,Kidnapping,53,No Action,High,2days 5Hours,2020,
984,13-May-23,May,East Delhi,Kidnapping,37,Under Investigation,High,1days 13Hours,2023,
985,20-Dec-22,December,East Delhi,Fraud,74,Case Closed,Medium,3days 2Hours,2022,
986,17-Dec-22,December,North West Delhi,Fraud,74,Accused Arrested,Medium,3days 2Hours,2022,
987,6-Jan-20,January,West Delhi,Fraud,83,Under Investigation,Medium,3days 11Hours,2020,
988,1-Jun-19,June,North West Delhi,Theft,17,FIR Registered,Low,0days 17Hours,2019,
989,16-Jan-23,January,North West Delhi,Cyber Crime,85,FIR Registered,Medium,3days 13Hours,2023,
990,1-May-22,May,South Delhi,Theft,78,Accused Arrested,Low,3days 6Hours,2022,
991,23-Sep-23,September,North East Delhi,Assault,73,Under Investigation,Medium,3days 1Hours,2023,
992,30-Dec-22,December,Central Delhi,Assault,110,Under Investigation,Medium,4days 14Hours,2022,
993,22-Apr-20,April,Central Delhi,Domestic Violence,1,Under Investigation,Hight,0days 1Hours,2020,
994,27-Jan-23,January,North Delhi,Murder,51,Under Investigation,High,2days 3Hours,2023,
995,20-Apr-20,April,West Delhi,Fraud,45,Accused Arrested,Medium,1days 21Hours,2020,
996,6-Aug-20,August,West Delhi,Domestic Violence,77,Under Investigation,Hight,3days 5Hours,2020,
997,27-Jan-23,January,East Delhi,Kidnapping,4,Under Investigation,High,0days 4Hours,2023,
998,22-Sep-20,September,South East Delhi,Domestic Violence,62,FIR Registered,Hight,2days 14Hours,2020,
999,11-Aug-21,August,North West Delhi,Robbery,65,Under Investigation,Medium,2days 17Hours,2021,
1000,7-Dec-21,December,South East Delhi,Theft,113,FIR Registered,Low,4days 17Hours,2021,
